Nodes,NodeType,ZeroAct,UpAct,DownAct,AvgAct,measured,Activity,logFC_z
15kprostgf2_c,,1,0,0,0,0,0,NA
5HPET_c,,1,0,0,0,0,0,NA
A1BG,,1,0,0,0,0,0,0.7764056800713978
A2M,,1,0,0,0,0,0,NA
AAAS,,1,0,0,0,0,0,NA
AANAT,,1,0,0,0,0,0,NA
AATF,,1,0,0,0,0,0,NA
ABCA1,,1,0,0,0,0,0,NA
ABCB1,,1,0,0,0,0,0,NA
ABCC8,,1,0,0,0,0,0,NA
ABI1,,1,0,0,0,0,0,0.2112232903351544
ABI1_BRK1_CYFIP1_NCKAP1_WASF1,,1,0,0,0,0,0,NA
ABI1_BRK1_CYFIP1_NCKAP1_WASF2,,1,0,0,0,0,0,NA
ABI1_BRK1_CYFIP1_NCKAP1_WASF3,,1,0,0,0,0,0,NA
ABI1_BRK1_CYFIP2_NCKAP1_WASF1,,1,0,0,0,0,0,NA
ABI1_BRK1_CYFIP2_NCKAP1_WASF2,,1,0,0,0,0,0,NA
ABI1_BRK1_CYFIP2_NCKAP1_WASF3,,1,0,0,0,0,0,NA
ABI1_WASF2,,1,0,0,0,0,0,NA
ABI2,,1,0,0,0,0,0,0.2112232903351544
ABL1,,1,0,0,0,0,0,NA
ABL2,,1,0,0,0,0,0,NA
ABRAXAS1,,1,0,0,0,0,0,NA
ACAN,,1,0,0,0,0,0,NA
ACAP1,,1,0,0,0,0,0,NA
ACAP2,,1,0,0,0,0,0,NA
ACAT1,,1,0,0,0,0,0,-0.9956308659458757
ACE,,1,0,0,0,0,0,NA
ACE2,,1,0,0,0,0,0,NA
ACHE,,1,0,0,0,0,0,NA
ACKR3,,1,0,0,0,0,0,NA
aclys_c,,1,0,0,0,0,0,NA
ACOX1,,1,0,0,0,0,0,NA
ACP1,,1,0,0,0,0,0,NA
ACSS2,,1,0,0,0,0,0,NA
ACTA1,,1,0,0,0,0,0,1.4520423771704467
ACTB,,1,0,0,0,0,0,0.09544678555457509
ACTG1,,1,0,0,0,0,0,NA
ACTL6A_ARID1A_ARID1B_ARID2_SMARCA4_SMARCB1_SMARCC1_SMARCC2_SMARCD1_SMARCE1,,1,0,0,0,0,0,NA
ACTN1,,1,0,0,0,0,0,0.4963238266611067
ACTN2,,1,0,0,0,0,0,NA
ACTN3,,1,0,0,0,0,0,NA
ACTN4,,1,0,0,0,0,0,1.1923477445
ACTR2,,1,0,0,0,0,0,-0.7345126036184684
ACTR2_ACTR3_ARPC1A_ARPC1B_ARPC2_ARPC3_ARPC4_ARPC5_ARPC5L,,1,0,0,0,0,0,NA
ACVR1,,1,0,0,0,0,0,NA
ACVR1B,,1,0,0,0,0,0,NA
ACVR1C,,1,0,0,0,0,0,NA
ACVR2A,,1,0,0,0,0,0,NA
ACVR2B,,1,0,0,0,0,0,NA
ACVRL1,,1,0,0,0,0,0,NA
ADA,,1,0,0,0,0,0,NA
ADAM10,,1,0,0,0,0,0,1.073542886484064
ADAM12,,1,0,0,0,0,0,NA
ADAM15,,1,0,0,0,0,0,NA
ADAM17,,1,0,0,0,0,0,NA
ADAM9,,1,0,0,0,0,0,NA
ADAMTS13,,1,0,0,0,0,0,NA
ADAMTS4,,1,0,0,0,0,0,NA
ADAR,,1,0,0,0,0,0,-1.865516853277309
ADCY1,,1,0,0,0,0,0,NA
ADCY2,,1,0,0,0,0,0,NA
ADCY3,,1,0,0,0,0,0,NA
ADCY4,,1,0,0,0,0,0,NA
ADCY5,,1,0,0,0,0,0,NA
ADCY6,,1,0,0,0,0,0,NA
ADCY7,,1,0,0,0,0,0,NA
ADCY8,,1,0,0,0,0,0,NA
ADCY9,,1,0,0,0,0,0,NA
ADD1,M,0,1,0,1,1,1,2.054455071753357
ADGRG1,,1,0,0,0,0,0,NA
ADH1A,,1,0,0,0,0,0,NA
ADH1B,,1,0,0,0,0,0,1.1243465508033812
ADIPOQ,,1,0,0,0,0,0,NA
ADIPOR1,,1,0,0,0,0,0,NA
ADIPOR2,,1,0,0,0,0,0,NA
ADM,,1,0,0,0,0,0,NA
ADORA1,,1,0,0,0,0,0,NA
ADORA2A,,1,0,0,0,0,0,NA
ADORA2B,,1,0,0,0,0,0,NA
ADRA1A,,1,0,0,0,0,0,NA
ADRA1B,,1,0,0,0,0,0,NA
ADRA1D,,1,0,0,0,0,0,NA
ADRA2A,,1,0,0,0,0,0,NA
ADRA2B,,1,0,0,0,0,0,NA
ADRA2C,,1,0,0,0,0,0,NA
ADRB1,,1,0,0,0,0,0,NA
ADRB2,,1,0,0,0,0,0,NA
ADRB3,,1,0,0,0,0,0,NA
ADRM1,,1,0,0,0,0,0,-1.0566241758995514
AEBP2_EED_EZH2_RBBP4_SUZ12,,1,0,0,0,0,0,NA
AFAP1L2,,1,0,0,0,0,0,NA
AFDN,,1,0,0,0,0,0,1.6377790908886654
AFP,,1,0,0,0,0,0,NA
AGA,,1,0,0,0,0,0,NA
AGAP2,,1,0,0,0,0,0,NA
AGER,,1,0,0,0,0,0,NA
AGO2,,1,0,0,0,0,0,0.25345570757900204
AGRN,,1,0,0,0,0,0,1.7256626534954578
AGRP,,1,0,0,0,0,0,NA
AGT,,1,0,0,0,0,0,0.823569722735548
AGTR1,,1,0,0,0,0,0,NA
AGTR2,,1,0,0,0,0,0,NA
AHCYL1,,1,0,0,0,0,0,NA
AHNAK,M,1,0,0,0,1,0,2.325286647803401
AHR,,1,0,0,0,0,0,NA
AHRR,,1,0,0,0,0,0,NA
AHSA1,,1,0,0,0,0,0,-1.774017513961842
AIF1,,1,0,0,0,0,0,NA
AIM2_CASP1_PYCARD,,1,0,0,0,0,0,NA
AIMP1,,1,0,0,0,0,0,-0.08520178788566628
AKAP13,,1,0,0,0,0,0,0.1456548017473288
AKAP5,,1,0,0,0,0,0,NA
AKR1B1,,1,0,0,0,0,0,-0.3814568139132733
AKR1C3,,1,0,0,0,0,0,NA
AKT1,,1,0,0,0,0,0,0.991641035244476
AKT1S1,,1,0,0,0,0,0,NA
AKT1S1_DEPTOR_MLST8_MTOR_RPTOR,,1,0,0,0,0,0,NA
AKT2,,1,0,0,0,0,0,NA
AKT3,,1,0,0,0,0,0,0.991641035244476
alaargcys_c,,1,0,0,0,0,0,NA
alaarggly_c,,1,0,0,0,0,0,NA
ALDH1A2,,1,0,0,0,0,0,NA
ALDH9A1,,1,0,0,0,0,0,-0.5680145054272989
ALK,,1,0,0,0,0,0,NA
ALOX12,,1,0,0,0,0,0,NA
ALPI,,1,0,0,0,0,0,NA
ALPK1,,1,0,0,0,0,0,NA
ALPP,,1,0,0,0,0,0,NA
AMFR,,1,0,0,0,0,0,NA
AMH,,1,0,0,0,0,0,NA
AMHR2,,1,0,0,0,0,0,NA
AMOT,,1,0,0,0,0,0,NA
ANAPC1,,1,0,0,0,0,0,NA
ANAPC1_ANAPC10_ANAPC11_ANAPC13_ANAPC2_ANAPC4_ANAPC5_ANAPC7_CDC16_CDC23_CDC26_CDC27,,1,0,0,0,0,0,NA
ANAPC10,,1,0,0,0,0,0,NA
ANAPC11,,1,0,0,0,0,0,NA
ANAPC13,,1,0,0,0,0,0,NA
ANAPC2,,1,0,0,0,0,0,NA
ANAPC4,,1,0,0,0,0,0,NA
ANAPC5,,1,0,0,0,0,0,NA
ANAPC7,,1,0,0,0,0,0,NA
ANGPT1,,1,0,0,0,0,0,NA
ANGPT2,,1,0,0,0,0,0,NA
ANGPTL4,,1,0,0,0,0,0,NA
ANKRD1,,1,0,0,0,0,0,NA
ANKRD11,,1,0,0,0,0,0,NA
ANKRD26,,1,0,0,0,0,0,NA
ANKRD28,,1,0,0,0,0,0,NA
ANKS1B,,1,0,0,0,0,0,NA
ANP32A,,1,0,0,0,0,0,NA
ANXA1,,1,0,0,0,0,0,0.9128865653649324
ANXA2,,1,0,0,0,0,0,1.8248234839810913
ANXA5,,1,0,0,0,0,0,0.5643867148920106
AP1B1,,1,0,0,0,0,0,-1.3297757944721973
AP2A1,,1,0,0,0,0,0,-1.054805349557568
AP2A2,,1,0,0,0,0,0,-0.6804005580784162
AP2B1,,1,0,0,0,0,0,-1.1951888369026773
AP2M1,,1,0,0,0,0,0,-1.3547454455852153
AP2S1,,1,0,0,0,0,0,NA
APAF1,,1,0,0,0,0,0,NA
APBA1,,1,0,0,0,0,0,NA
APBA2,,1,0,0,0,0,0,NA
APBB1,,1,0,0,0,0,0,NA
APBB1IP,,1,0,0,0,0,0,NA
APC,,1,0,0,0,0,0,NA
APC_AXIN1_GSK3B,,1,0,0,0,0,0,NA
APC2,,1,0,0,0,0,0,NA
APEX1,,1,0,0,0,0,0,-0.3844672431746735
APH1A,,1,0,0,0,0,0,NA
APLN,,1,0,0,0,0,0,NA
APLP2,,1,0,0,0,0,0,NA
APOA1,,1,0,0,0,0,0,NA
APOA2,,1,0,0,0,0,0,NA
APOA5,,1,0,0,0,0,0,NA
APOC2,,1,0,0,0,0,0,NA
APOE,,1,0,0,0,0,0,NA
APP,,1,0,0,0,0,0,NA
APPL1,,1,0,0,0,0,0,0.10480281906106247
APPL1_CASP9,,1,0,0,0,0,0,NA
AR,,1,0,0,0,0,0,NA
ARAF,,1,0,0,0,0,0,NA
ARAP1,M,1,0,0,0,1,0,-2.429620730983319
ARAP3,,1,0,0,0,0,0,NA
AREG,,1,0,0,0,0,0,NA
ARF1,,1,0,0,0,0,0,-0.21370675250249976
ARF4,M,1,0,0,0,1,0,-2.196355785159084
ARF6,,1,0,0,0,0,0,1.401227488114816
ARFGAP1,,1,0,0,0,0,0,NA
ARFGEF1,,1,0,0,0,0,0,-0.2316662273911913
ARFGEF2,,1,0,0,0,0,0,NA
ARFIP1,,1,0,0,0,0,0,-0.19933974958348366
ARFIP2,,1,0,0,0,0,0,NA
argalaphe_c,,1,0,0,0,0,0,NA
argalathr_c,,1,0,0,0,0,0,NA
arglysasp_c,,1,0,0,0,0,0,NA
ARHGAP1,,1,0,0,0,0,0,-0.8100218013973671
ARHGAP20,,1,0,0,0,0,0,NA
ARHGAP24,,1,0,0,0,0,0,NA
ARHGAP26,,1,0,0,0,0,0,NA
ARHGAP31,,1,0,0,0,0,0,NA
ARHGAP32,,1,0,0,0,0,0,NA
ARHGAP33,,1,0,0,0,0,0,NA
ARHGAP35,,1,0,0,0,0,0,NA
ARHGAP5,,1,0,0,0,0,0,NA
ARHGDIA,,1,0,0,0,0,0,0.2672510853097443
ARHGDIB,,1,0,0,0,0,0,-0.4681629405871471
ARHGEF1,,1,0,0,0,0,0,-0.330724345304663
ARHGEF11,,1,0,0,0,0,0,NA
ARHGEF12,,1,0,0,0,0,0,NA
ARHGEF15,,1,0,0,0,0,0,NA
ARHGEF2,,1,0,0,0,0,0,NA
ARHGEF25,,1,0,0,0,0,0,NA
ARHGEF28,,1,0,0,0,0,0,NA
ARHGEF4,,1,0,0,0,0,0,NA
ARHGEF5,,1,0,0,0,0,0,NA
ARHGEF6,,1,0,0,0,0,0,NA
ARHGEF7,,1,0,0,0,0,0,0.6604453351125849
ARHGEF7_GIT2,,1,0,0,0,0,0,NA
ARHGEF9,,1,0,0,0,0,0,NA
ARID3A,,1,0,0,0,0,0,NA
ARID4A,,1,0,0,0,0,0,NA
ARIH2,,1,0,0,0,0,0,NA
ARMC10,,1,0,0,0,0,0,NA
ARNT,,1,0,0,0,0,0,NA
ARNT_HIF1A,,1,0,0,0,0,0,NA
ARNTL,,1,0,0,0,0,0,NA
ARNTL_CLOCK,,1,0,0,0,0,0,NA
ARPC2,,1,0,0,0,0,0,-0.43281235107974014
ARRB1,,1,0,0,0,0,0,-0.1422849347966227
ARRB2,,1,0,0,0,0,0,NA
ARVCF,,1,0,0,0,0,0,NA
ASAH1,,1,0,0,0,0,0,-0.1880249200079952
ASAP1,,1,0,0,0,0,0,NA
ASAP2,,1,0,0,0,0,0,NA
ASAP3,,1,0,0,0,0,0,NA
ASCL1,,1,0,0,0,0,0,NA
ASF1A,,1,0,0,0,0,0,NA
ASF1B,,1,0,0,0,0,0,NA
ASH2L_SETD1A_WDR5,,1,0,0,0,0,0,NA
aspalaarg_c,,1,0,0,0,0,0,NA
ASPN,,1,0,0,0,0,0,0.45470633886139394
ASXL1,,1,0,0,0,0,0,NA
ATAD5,,1,0,0,0,0,0,NA
ATF1,,1,0,0,0,0,0,NA
ATF2,,1,0,0,0,0,0,NA
ATF3,,1,0,0,0,0,0,NA
ATF4,,1,0,0,0,0,0,NA
ATF6,,0,0,1,-1,0,-1,NA
ATF6B,,1,0,0,0,0,0,NA
ATF7,,1,0,0,0,0,0,NA
ATG12_ATG16L1_ATG5,,1,0,0,0,0,0,NA
ATG13,,1,0,0,0,0,0,NA
ATG13_RB1CC1_ULK1,,1,0,0,0,0,0,NA
ATG14,,1,0,0,0,0,0,NA
ATG16L1,,1,0,0,0,0,0,NA
ATG3,,1,0,0,0,0,0,-0.9567360567979953
ATG4D,,1,0,0,0,0,0,NA
ATG5,,1,0,0,0,0,0,NA
ATG7,,1,0,0,0,0,0,-0.6130228408649514
ATG9A,,1,0,0,0,0,0,NA
ATM,,1,0,0,0,0,0,NA
ATOH1,,1,0,0,0,0,0,NA
ATP2A2,,1,0,0,0,0,0,-1.5803617557631144
ATP2C1,,1,0,0,0,0,0,NA
ATP5PF,,1,0,0,0,0,0,NA
ATP6V1H,,1,0,0,0,0,0,-1.288172871738671
ATP8A2,,1,0,0,0,0,0,NA
ATR,,1,0,0,0,0,0,NA
ATRIP,,1,0,0,0,0,0,NA
ATXN1,,1,0,0,0,0,0,NA
ATXN3,,1,0,0,0,0,0,NA
AURKA,,1,0,0,0,0,0,NA
AURKB,,1,0,0,0,0,0,NA
AVEN,,1,0,0,0,0,0,NA
AVP,,1,0,0,0,0,0,NA
AVPR1A,,1,0,0,0,0,0,NA
AVPR1B,,1,0,0,0,0,0,NA
AVPR2,,1,0,0,0,0,0,NA
AXIN1,,1,0,0,0,0,0,NA
AXIN2,,1,0,0,0,0,0,NA
AXL,,1,0,0,0,0,0,NA
AZI2_TANK_TBKBP1,,1,0,0,0,0,0,NA
B2M,,1,0,0,0,0,0,NA
BACE1,,1,0,0,0,0,0,NA
BAD,,1,0,0,0,0,0,NA
BAG1,,1,0,0,0,0,0,NA
BAG2,,1,0,0,0,0,0,NA
BAG3,,1,0,0,0,0,0,NA
BAG4,,1,0,0,0,0,0,NA
BAIAP2,,1,0,0,0,0,0,0.319236651535772
BAK1,,1,0,0,0,0,0,NA
BAMBI,,1,0,0,0,0,0,NA
BANF1,,1,0,0,0,0,0,NA
BARD1,,1,0,0,0,0,0,NA
BAX,,1,0,0,0,0,0,-1.6185831137606337
BAZ1B,,1,0,0,0,0,0,-0.3792983605830741
BBC3,,1,0,0,0,0,0,NA
BCAR1,,1,0,0,0,0,0,NA
BCAR1_CRK,,1,0,0,0,0,0,NA
BCHE,,1,0,0,0,0,0,NA
BCKDHB,,1,0,0,0,0,0,NA
BCL10,,1,0,0,0,0,0,NA
BCL2,,1,0,0,0,0,0,NA
BCL2L1,,1,0,0,0,0,0,NA
BCL2L11,,1,0,0,0,0,0,NA
BCL2L2,,1,0,0,0,0,0,NA
BCL3,,1,0,0,0,0,0,NA
BCL6,,1,0,0,0,0,0,NA
BCR,,1,0,0,0,0,0,NA
BDKRB1,,1,0,0,0,0,0,NA
BDKRB2,,1,0,0,0,0,0,NA
BDNF,,1,0,0,0,0,0,NA
BECN1,,1,0,0,0,0,0,NA
BFAR,,1,0,0,0,0,0,NA
BHLHE40,,1,0,0,0,0,0,NA
BHLHE41,,1,0,0,0,0,0,NA
BID,,1,0,0,0,0,0,NA
BIK,,1,0,0,0,0,0,NA
BIRC2,,1,0,0,0,0,0,NA
BIRC3,,1,0,0,0,0,0,NA
BIRC5,,1,0,0,0,0,0,NA
BIRC7,,1,0,0,0,0,0,NA
BLK,,1,0,0,0,0,0,NA
BLM,,1,0,0,0,0,0,NA
BLNK,,1,0,0,0,0,0,NA
BLVRB,,1,0,0,0,0,0,0.9174509471319322
BMF,,1,0,0,0,0,0,NA
BMI1,,1,0,0,0,0,0,NA
BMP1,,1,0,0,0,0,0,NA
BMP15,,1,0,0,0,0,0,NA
BMP2,,1,0,0,0,0,0,NA
BMP4,,1,0,0,0,0,0,NA
BMP5,,1,0,0,0,0,0,NA
BMP6,,1,0,0,0,0,0,NA
BMP7,,1,0,0,0,0,0,NA
BMP8A,,1,0,0,0,0,0,NA
BMP8B,,1,0,0,0,0,0,NA
BMPR1A,,1,0,0,0,0,0,NA
BMPR1A_BMPR1B_BMPR2,,1,0,0,0,0,0,NA
BMPR1B,,1,0,0,0,0,0,NA
BMPR2,,1,0,0,0,0,0,NA
BMX,,1,0,0,0,0,0,NA
BNIP3,,1,0,0,0,0,0,NA
BNIP3L,,1,0,0,0,0,0,NA
BOK,,1,0,0,0,0,0,NA
BORA,,1,0,0,0,0,0,NA
BRAF,,1,0,0,0,0,0,NA
BRAP,,1,0,0,0,0,0,NA
BRCA1,,1,0,0,0,0,0,NA
BRCA2,,1,0,0,0,0,0,NA
BRD2,,1,0,0,0,0,0,NA
BRD4,,1,0,0,0,0,0,NA
BRD8,,1,0,0,0,0,0,NA
BRDT,,1,0,0,0,0,0,NA
BRIP1,,1,0,0,0,0,0,NA
BRK1,,1,0,0,0,0,0,NA
BRMS1,,1,0,0,0,0,0,NA
BRSK1,,1,0,0,0,0,0,NA
BRSK2,,1,0,0,0,0,0,NA
BSG,,1,0,0,0,0,0,-1.329271028866352
BTC,,1,0,0,0,0,0,NA
BTG2,,1,0,0,0,0,0,NA
BTK,,1,0,0,0,0,0,NA
BTRC,,1,0,0,0,0,0,NA
BUB1,,1,0,0,0,0,0,NA
BUB1B,,1,0,0,0,0,0,NA
BUB1B_BUB3_CDC20_MAD2L1,,1,0,0,0,0,0,NA
BUB3,,1,0,0,0,0,0,-0.874171452953184
C3,,1,0,0,0,0,0,0.5286887215292698
C4A,,1,0,0,0,0,0,NA
C4B_2,,1,0,0,0,0,0,NA
C4BPA,,1,0,0,0,0,0,NA
C5,,1,0,0,0,0,0,NA
C9,,1,0,0,0,0,0,0.2142191550307902
C9orf72,,1,0,0,0,0,0,NA
CA1,,1,0,0,0,0,0,1.472826173760529
CABIN1,,1,0,0,0,0,0,NA
CACNA1A,,1,0,0,0,0,0,NA
CAD,M,1,0,0,0,1,0,-2.1513358421478004
CALCA,,1,0,0,0,0,0,NA
CALD1,,1,0,0,0,0,0,1.833001318065
CALM1,,1,0,0,0,0,0,NA
CALM2,,1,0,0,0,0,0,NA
CALM3,,1,0,0,0,0,0,NA
CALML3,,1,0,0,0,0,0,NA
CALML5,,1,0,0,0,0,0,NA
CALML6,,1,0,0,0,0,0,NA
CALR,,1,0,0,0,0,0,-1.778582878385379
CAMK1,,1,0,0,0,0,0,NA
CAMK1D,,1,0,0,0,0,0,NA
CAMK1G,,1,0,0,0,0,0,NA
CAMK2A,,0,0,1,-1,0,-1,0.4676771012727655
CAMK2B,,1,0,0,0,0,0,NA
CAMK2D,,1,0,0,0,0,0,0.4676771012727655
CAMK2G,,1,0,0,0,0,0,0.6795940240504986
CAMK4,,1,0,0,0,0,0,NA
CAMKK1,,1,0,0,0,0,0,NA
CAMKK2,,1,0,0,0,0,0,NA
CAMP,,1,0,0,0,0,0,NA
CAP1,,1,0,0,0,0,0,-0.49439232818111606
CAPN1,,1,0,0,0,0,0,1.8555640914082132
CAPN2,,1,0,0,0,0,0,1.4897682763207896
CAPN3,,1,0,0,0,0,0,NA
CAPNS1,,1,0,0,0,0,0,1.5018783271702005
CARD11,,1,0,0,0,0,0,NA
CARD14,,1,0,0,0,0,0,NA
CARD16,,1,0,0,0,0,0,NA
CARD8,,1,0,0,0,0,0,NA
CARD9,,1,0,0,0,0,0,NA
CARHSP1,M,1,0,0,0,1,0,2.2549024585414363
CARM1,,1,0,0,0,0,0,NA
CASP1,,1,0,0,0,0,0,-0.9468901404104489
CASP1_NAIP_NLRC4_PYCARD,,1,0,0,0,0,0,NA
CASP1_NLRP1_PYCARD,,1,0,0,0,0,0,NA
CASP1_NLRP3_PYCARD,,1,0,0,0,0,0,NA
CASP10,,1,0,0,0,0,0,NA
CASP2,,1,0,0,0,0,0,NA
CASP3,,0,1,0,1,0,1,NA
CASP4,,1,0,0,0,0,0,NA
CASP5,,1,0,0,0,0,0,NA
CASP6,,1,0,0,0,0,0,NA
CASP7,,1,0,0,0,0,0,NA
CASP8,,1,0,0,0,0,0,NA
CASP8AP2,,1,0,0,0,0,0,NA
CASP9,,1,0,0,0,0,0,NA
CASR,,1,0,0,0,0,0,NA
CAST,M,1,0,0,0,1,0,2.4091291126596994
CAT,,1,0,0,0,0,0,1.3437392685998373
CAV1,M,1,0,0,0,1,0,2.2587930227581077
CAV2,,1,0,0,0,0,0,NA
CAV3,M,1,0,0,0,1,0,2.2587930227581077
CBFA2T3,,1,0,0,0,0,0,NA
CBFB,,1,0,0,0,0,0,NA
CBL,,1,0,0,0,0,0,NA
CBLB,,1,0,0,0,0,0,NA
CBLC,,1,0,0,0,0,0,NA
CBS,,1,0,0,0,0,0,NA
CBX1,,1,0,0,0,0,0,1.7616028337822647
CBX3,,1,0,0,0,0,0,0.29530282104625616
CBX4,,1,0,0,0,0,0,NA
CBX5,,1,0,0,0,0,0,0.6199056103602437
CC2D1A,,1,0,0,0,0,0,NA
CCAR2,,1,0,0,0,0,0,-1.6319247442992308
CCK,,1,0,0,0,0,0,NA
CCKAR,,1,0,0,0,0,0,NA
CCKBR,,1,0,0,0,0,0,NA
CCL1,,1,0,0,0,0,0,NA
CCL11,,1,0,0,0,0,0,NA
CCL15,,1,0,0,0,0,0,NA
CCL16,,1,0,0,0,0,0,NA
CCL17,,1,0,0,0,0,0,NA
CCL19,,1,0,0,0,0,0,NA
CCL2,,1,0,0,0,0,0,NA
CCL20,,1,0,0,0,0,0,NA
CCL21,,1,0,0,0,0,0,NA
CCL22,,1,0,0,0,0,0,NA
CCL23,,1,0,0,0,0,0,NA
CCL26,,1,0,0,0,0,0,NA
CCL27,,1,0,0,0,0,0,NA
CCL3,,1,0,0,0,0,0,NA
CCL4,,1,0,0,0,0,0,NA
CCL4L1,,1,0,0,0,0,0,NA
CCL5,,1,0,0,0,0,0,NA
CCL7,,1,0,0,0,0,0,NA
CCM2,,1,0,0,0,0,0,NA
CCN1,,1,0,0,0,0,0,NA
CCN2,,1,0,0,0,0,0,NA
CCNA1,,1,0,0,0,0,0,NA
CCNA1_CDK2,,1,0,0,0,0,0,NA
CCNA2,,1,0,0,0,0,0,NA
CCNA2_CDK2,,1,0,0,0,0,0,NA
CCNB1,,1,0,0,0,0,0,NA
CCNB1_CDK1,,1,0,0,0,0,0,NA
CCNB2,,1,0,0,0,0,0,NA
CCNB3,,1,0,0,0,0,0,NA
CCNC,,1,0,0,0,0,0,NA
CCND1,,1,0,0,0,0,0,NA
CCND1_CDK4,,1,0,0,0,0,0,NA
CCND1_CDK6,,1,0,0,0,0,0,NA
CCND2,,1,0,0,0,0,0,NA
CCND2_CDK4,,1,0,0,0,0,0,NA
CCND2_CDK6,,1,0,0,0,0,0,NA
CCND3,,1,0,0,0,0,0,NA
CCND3_CDK4,,1,0,0,0,0,0,NA
CCND3_CDK6,,1,0,0,0,0,0,NA
CCNE1,,1,0,0,0,0,0,NA
CCNE1_CDK2,,1,0,0,0,0,0,NA
CCNE2,,1,0,0,0,0,0,NA
CCNE2_CDK2,,1,0,0,0,0,0,NA
CCNF,,1,0,0,0,0,0,NA
CCNG1,,1,0,0,0,0,0,NA
CCNH,,1,0,0,0,0,0,NA
CCNT1,,1,0,0,0,0,0,NA
CCNT1_CDK9,,1,0,0,0,0,0,NA
CCP110,,1,0,0,0,0,0,NA
CCR1,,1,0,0,0,0,0,NA
CCR10,,1,0,0,0,0,0,NA
CCR2,,1,0,0,0,0,0,NA
CCR3,,1,0,0,0,0,0,NA
CCR4,,1,0,0,0,0,0,NA
CCR5,,1,0,0,0,0,0,NA
CCR6,,1,0,0,0,0,0,NA
CCR7,,1,0,0,0,0,0,NA
CCR8,,1,0,0,0,0,0,NA
CCR9,,1,0,0,0,0,0,NA
CD14,,1,0,0,0,0,0,-0.914456498124601
CD151,,1,0,0,0,0,0,NA
CD163,,1,0,0,0,0,0,NA
CD19,,1,0,0,0,0,0,NA
CD2,,1,0,0,0,0,0,NA
CD22,,1,0,0,0,0,0,NA
CD226,,1,0,0,0,0,0,NA
CD244,,1,0,0,0,0,0,NA
CD247,,1,0,0,0,0,0,NA
CD247_CD3D_CD3E_CD3G_TRAC_TRBC1,,1,0,0,0,0,0,NA
CD274,,1,0,0,0,0,0,NA
CD28,,1,0,0,0,0,0,NA
CD2AP,,1,0,0,0,0,0,0.9778998161871734
CD300LB,,1,0,0,0,0,0,NA
CD36,,1,0,0,0,0,0,NA
CD38,,1,0,0,0,0,0,NA
CD3D,,1,0,0,0,0,0,NA
CD3E,,1,0,0,0,0,0,NA
CD3G,,1,0,0,0,0,0,NA
CD4,,1,0,0,0,0,0,NA
CD40,,1,0,0,0,0,0,NA
CD40LG,,1,0,0,0,0,0,NA
CD44,,1,0,0,0,0,0,0.05344121799599397
CD46,,1,0,0,0,0,0,NA
CD47,,1,0,0,0,0,0,NA
CD58,,1,0,0,0,0,0,NA
CD59,,1,0,0,0,0,0,NA
CD69,,1,0,0,0,0,0,NA
CD74,,1,0,0,0,0,0,-0.6479490183611216
CD79A,,1,0,0,0,0,0,NA
CD79B,,1,0,0,0,0,0,NA
CD80,,1,0,0,0,0,0,NA
CD82,,1,0,0,0,0,0,NA
CD86,,1,0,0,0,0,0,NA
CD8A,,1,0,0,0,0,0,NA
CD8B,,1,0,0,0,0,0,NA
CD9,,1,0,0,0,0,0,NA
CD99,,1,0,0,0,0,0,NA
CDC16,,1,0,0,0,0,0,NA
CDC20,,1,0,0,0,0,0,NA
CDC23,,1,0,0,0,0,0,NA
CDC25A,,1,0,0,0,0,0,NA
CDC25B,,1,0,0,0,0,0,NA
CDC26,,1,0,0,0,0,0,NA
CDC27,,1,0,0,0,0,0,NA
CDC34,,1,0,0,0,0,0,NA
CDC37,,1,0,0,0,0,0,-0.46210984702085406
CDC42,,1,0,0,0,0,0,-0.05085917835478453
CDC42BPA,,1,0,0,0,0,0,NA
CDC45,,1,0,0,0,0,0,NA
CDC6,,1,0,0,0,0,0,NA
CDC7,,1,0,0,0,0,0,NA
CDCA8,,1,0,0,0,0,0,NA
CDH1,,1,0,0,0,0,0,1.226582030346749
CDH11,,1,0,0,0,0,0,NA
CDH13,,1,0,0,0,0,0,NA
CDH17,,1,0,0,0,0,0,NA
CDH2,,1,0,0,0,0,0,NA
CDH3,,1,0,0,0,0,0,NA
CDH4,,1,0,0,0,0,0,NA
CDH5,,1,0,0,0,0,0,NA
CDK1,,0,0,1,-1,0,-1,NA
CDK11A,,1,0,0,0,0,0,NA
CDK11B,,1,0,0,0,0,0,NA
CDK16,,1,0,0,0,0,0,NA
CDK18,,1,0,0,0,0,0,NA
CDK2,,1,0,0,0,0,0,NA
CDK2AP1,,1,0,0,0,0,0,NA
CDK3,,1,0,0,0,0,0,NA
CDK4,,1,0,0,0,0,0,NA
CDK5,,1,0,0,0,0,0,NA
CDK5_CDK5R1,,1,0,0,0,0,0,NA
CDK5R1,,1,0,0,0,0,0,NA
CDK5RAP2,,1,0,0,0,0,0,NA
CDK6,,1,0,0,0,0,0,NA
CDK7,,1,0,0,0,0,0,NA
CDK8,,1,0,0,0,0,0,NA
CDK9,,1,0,0,0,0,0,NA
CDKL3,,1,0,0,0,0,0,NA
CDKN1A,,1,0,0,0,0,0,NA
CDKN1B,,1,0,0,0,0,0,NA
CDKN1C,,1,0,0,0,0,0,NA
CDKN2A,,1,0,0,0,0,0,NA
CDKN2AIP,,1,0,0,0,0,0,NA
CDKN2B,,1,0,0,0,0,0,NA
CDKN2C,,1,0,0,0,0,0,NA
CDKN2D,,1,0,0,0,0,0,NA
CDON,,1,0,0,0,0,0,NA
CDR2,,1,0,0,0,0,0,NA
CDS1,,1,0,0,0,0,0,NA
CDX1,,1,0,0,0,0,0,NA
CDX2,,1,0,0,0,0,0,NA
CE5253_c,,1,0,0,0,0,0,NA
CEACAM1,,1,0,0,0,0,0,NA
CEACAM7,,1,0,0,0,0,0,NA
CEBPA,,1,0,0,0,0,0,NA
CEBPB,,1,0,0,0,0,0,NA
CEBPD,,1,0,0,0,0,0,NA
CEBPE,,1,0,0,0,0,0,NA
CELF1,,1,0,0,0,0,0,NA
CENPA,,1,0,0,0,0,0,NA
CENPE,,1,0,0,0,0,0,NA
CENPJ,,1,0,0,0,0,0,NA
CEP192,,1,0,0,0,0,0,NA
CEP43,,1,0,0,0,0,0,NA
CEP76,,1,0,0,0,0,0,NA
CFB,,1,0,0,0,0,0,0.3866598936874681
CFH,,1,0,0,0,0,0,0.11045320452746449
CFI,,1,0,0,0,0,0,0.7525812580880851
CFL1,,1,0,0,0,0,0,-1.017717754404641
CFL2,,1,0,0,0,0,0,NA
CFLAR,,1,0,0,0,0,0,NA
CFTR,,1,0,0,0,0,0,NA
CGA,,1,0,0,0,0,0,NA
CHAT,,1,0,0,0,0,0,NA
CHD2,,1,0,0,0,0,0,NA
CHEK1,,1,0,0,0,0,0,NA
CHEK2,,1,0,0,0,0,0,NA
CHFR,,1,0,0,0,0,0,NA
CHGA,,1,0,0,0,0,0,NA
CHIA,,1,0,0,0,0,0,NA
CHKA,,1,0,0,0,0,0,NA
CHN2,,1,0,0,0,0,0,NA
CHP1,,1,0,0,0,0,0,NA
CHP2,,1,0,0,0,0,0,NA
CHRFAM7A,,1,0,0,0,0,0,NA
CHRM1,,1,0,0,0,0,0,NA
CHRM2,,1,0,0,0,0,0,NA
CHRM3,,1,0,0,0,0,0,NA
CHRM4,,1,0,0,0,0,0,NA
CHRM5,,1,0,0,0,0,0,NA
CHRNA1,,1,0,0,0,0,0,NA
CHRNA7,,1,0,0,0,0,0,NA
CHRNA9,,1,0,0,0,0,0,NA
CHRNE,,1,0,0,0,0,0,NA
CHUK,,1,0,0,0,0,0,NA
CHUK_IKBKB_IKBKG,,1,0,0,0,0,0,NA
CIITA,,1,0,0,0,0,0,NA
CILK1,,1,0,0,0,0,0,NA
CIR1,,1,0,0,0,0,0,NA
CISH,,1,0,0,0,0,0,NA
CIT,,1,0,0,0,0,0,NA
CITED1,,1,0,0,0,0,0,NA
CITED2,,1,0,0,0,0,0,NA
CKB,,1,0,0,0,0,0,0.7633727859456553
CKS1B,,1,0,0,0,0,0,NA
CLASP1,,1,0,0,0,0,0,NA
CLASP2,,1,0,0,0,0,0,NA
CLDN1,,1,0,0,0,0,0,NA
CLEC7A,,1,0,0,0,0,0,NA
CLK1,,1,0,0,0,0,0,NA
CLK2,,1,0,0,0,0,0,NA
CLK3,,1,0,0,0,0,0,NA
CLOCK,,1,0,0,0,0,0,NA
CLTC,,1,0,0,0,0,0,-1.8713453292087647
CLU,,1,0,0,0,0,0,0.4457491192421356
CMKLR2,,1,0,0,0,0,0,NA
CNN1,,1,0,0,0,0,0,1.8242004136102323
CNOT8,,1,0,0,0,0,0,NA
CNR1,,1,0,0,0,0,0,NA
CNTF,,1,0,0,0,0,0,NA
CNTFR,,1,0,0,0,0,0,NA
COL11A2,,1,0,0,0,0,0,NA
COL18A1,M,1,0,0,0,1,0,2.483823634971336
COL1A1,,1,0,0,0,0,0,NA
COL1A2,,1,0,0,0,0,0,-1.1696079919045275
COL2A1,,1,0,0,0,0,0,NA
COL3A1,,1,0,0,0,0,0,NA
COL5A1,,1,0,0,0,0,0,NA
COL5A2,,1,0,0,0,0,0,NA
COL6A1,,1,0,0,0,0,0,1.4084273880485276
COL6A3,,1,0,0,0,0,0,-0.11752633727648906
COMMD1,,1,0,0,0,0,0,NA
COMP,,1,0,0,0,0,0,NA
COP1,,1,0,0,0,0,0,NA
COPS5,,1,0,0,0,0,0,-0.4846101033477387
COPS6,,1,0,0,0,0,0,NA
COX5B,,1,0,0,0,0,0,NA
CP,,1,0,0,0,0,0,0.6829445027049867
CR2,,1,0,0,0,0,0,NA
CRADD,,1,0,0,0,0,0,NA
CREB1,,1,0,0,0,0,0,NA
CREB3,,1,0,0,0,0,0,NA
CREB3L1,,1,0,0,0,0,0,NA
CREB3L2,,1,0,0,0,0,0,NA
CREB3L3,,1,0,0,0,0,0,NA
CREB3L4,,1,0,0,0,0,0,NA
CREB5,,1,0,0,0,0,0,NA
CREBBP,,1,0,0,0,0,0,NA
CREBBP_EP300,,1,0,0,0,0,0,NA
CREBBP_EP300_KAT2B,,1,0,0,0,0,0,NA
CREM,,1,0,0,0,0,0,NA
CRH,,1,0,0,0,0,0,NA
CRHBP,,1,0,0,0,0,0,NA
CRHR1,,1,0,0,0,0,0,NA
CRHR2,,1,0,0,0,0,0,NA
CRK,,1,0,0,0,0,0,0.15171720373931205
CRKL,,1,0,0,0,0,0,-0.3179448191773962
CRLF1,,1,0,0,0,0,0,NA
CRLF2,,1,0,0,0,0,0,NA
CRP,,1,0,0,0,0,0,NA
CRTC1,,1,0,0,0,0,0,NA
CRTC2,,1,0,0,0,0,0,NA
CRTC3,,1,0,0,0,0,0,NA
CRY1,,1,0,0,0,0,0,NA
CRY2,,1,0,0,0,0,0,NA
CRYAA,,1,0,0,0,0,0,NA
CRYAB,,1,0,0,0,0,0,NA
CSAG2,,1,0,0,0,0,0,NA
CSDE1,,1,0,0,0,0,0,-1.7669274379448279
CSF1,,1,0,0,0,0,0,NA
CSF1R,,1,0,0,0,0,0,NA
CSF2,,1,0,0,0,0,0,NA
CSF2RA,,1,0,0,0,0,0,NA
CSF2RA_CSF2RB,,1,0,0,0,0,0,NA
CSF2RB,,1,0,0,0,0,0,NA
CSF3,,1,0,0,0,0,0,NA
CSF3R,,1,0,0,0,0,0,NA
CSH1,,1,0,0,0,0,0,NA
CSK,,1,0,0,0,0,0,-0.23785626969959026
CSN1S1,,1,0,0,0,0,0,NA
CSNK1A1,,1,0,0,0,0,0,1.6035453770014714
CSNK1A1L,,1,0,0,0,0,0,NA
CSNK1D,,1,0,0,0,0,0,NA
CSNK1E,,1,0,0,0,0,0,NA
CSNK1G1,,1,0,0,0,0,0,NA
CSNK1G2,,1,0,0,0,0,0,NA
CSNK2A1,,1,0,0,0,0,0,0.6524809980300963
CSNK2A2,,1,0,0,0,0,0,0.34028523404217026
CSNK2B,,0,0,1,-1,0,-1,NA
CSRP2,M,1,0,0,0,1,0,2.2698893924343952
CSRP3,,1,0,0,0,0,0,NA
CST3,,1,0,0,0,0,0,NA
CTBP1,,1,0,0,0,0,0,NA
CTBP2,,1,0,0,0,0,0,0.20463010052547076
CTCF,,1,0,0,0,0,0,NA
CTDP1,,1,0,0,0,0,0,NA
CTDSP1,,1,0,0,0,0,0,NA
CTLA4,,1,0,0,0,0,0,NA
CTNNA1,M,1,0,0,0,1,0,2.0450943663638923
CTNNA3,M,1,0,0,0,1,0,2.0450943663638923
CTNNB1,,1,0,0,0,0,0,1.0253753516437019
CTNNBIP1,,1,0,0,0,0,0,NA
CTNND1,,1,0,0,0,0,0,1.7459744332042921
CTNND2,,1,0,0,0,0,0,NA
CTSB,,1,0,0,0,0,0,-1.1482574919515363
CTSD,,1,0,0,0,0,0,-1.021105941908925
CTSE,,1,0,0,0,0,0,NA
CTSG,,1,0,0,0,0,0,-0.06946949065197289
CTSH,,1,0,0,0,0,0,NA
CTSK,,1,0,0,0,0,0,NA
CTSL,,1,0,0,0,0,0,NA
CTSS,,1,0,0,0,0,0,0.19294032333308936
CTTN,,1,0,0,0,0,0,1.186870682731331
CUEDC2,,1,0,0,0,0,0,NA
CUL1,,1,0,0,0,0,0,-1.4487868445549477
CUL1_RBX1_SKP1_SKP2,,1,0,0,0,0,0,NA
CUL4A,,1,0,0,0,0,0,-0.5594866577066149
CUL9,,1,0,0,0,0,0,NA
CUX1,,1,0,0,0,0,0,NA
CX3CL1,,1,0,0,0,0,0,NA
CX3CR1,,1,0,0,0,0,0,NA
CXCL1,,1,0,0,0,0,0,NA
CXCL10,,1,0,0,0,0,0,NA
CXCL11,,1,0,0,0,0,0,NA
CXCL12,,1,0,0,0,0,0,NA
CXCL13,,1,0,0,0,0,0,NA
CXCL16,,1,0,0,0,0,0,NA
CXCL2,,1,0,0,0,0,0,NA
CXCL3,,1,0,0,0,0,0,NA
CXCL5,,1,0,0,0,0,0,NA
CXCL8,,1,0,0,0,0,0,NA
CXCL9,,1,0,0,0,0,0,NA
CXCR1,,1,0,0,0,0,0,NA
CXCR2,,1,0,0,0,0,0,NA
CXCR3,,1,0,0,0,0,0,NA
CXCR4,,1,0,0,0,0,0,NA
CXCR5,,1,0,0,0,0,0,NA
CXCR6,,1,0,0,0,0,0,NA
CYBA,,1,0,0,0,0,0,-1.596090341876217
CYBB,,1,0,0,0,0,0,-1.7693609334227676
CYCS,,1,0,0,0,0,0,-0.20173224439159546
CYFIP1,,1,0,0,0,0,0,-0.34028910152899217
CYFIP2,,1,0,0,0,0,0,NA
CYLD,,1,0,0,0,0,0,NA
CYP17A1,,1,0,0,0,0,0,NA
CYP1A1,,1,0,0,0,0,0,NA
CYP24A1,,1,0,0,0,0,0,NA
CYP2B6,,1,0,0,0,0,0,NA
CYP2C9,,1,0,0,0,0,0,NA
CYP2D6,,1,0,0,0,0,0,NA
CYP2E1,,1,0,0,0,0,0,NA
CYP3A4,,1,0,0,0,0,0,NA
CYREN,,1,0,0,0,0,0,NA
CYSLTR1,,1,0,0,0,0,0,NA
CYSLTR2,,1,0,0,0,0,0,NA
CYTH1,,1,0,0,0,0,0,NA
CYTH2,,1,0,0,0,0,0,NA
CYTH3,,1,0,0,0,0,0,NA
CYTH4,,1,0,0,0,0,0,NA
DAAM1,,1,0,0,0,0,0,NA
DAB1,,1,0,0,0,0,0,NA
DAB2,,1,0,0,0,0,0,-1.045100077245185
DAB2IP,,1,0,0,0,0,0,NA
DACH1,,1,0,0,0,0,0,NA
DACH2,,1,0,0,0,0,0,NA
DAG1,,1,0,0,0,0,0,NA
DAP3,,1,0,0,0,0,0,NA
DAPK1,,1,0,0,0,0,0,NA
DAPK3,,1,0,0,0,0,0,NA
DAPP1,,1,0,0,0,0,0,NA
DAXX,,1,0,0,0,0,0,NA
DAXX_MAP3K5,,1,0,0,0,0,0,NA
DBF4,,1,0,0,0,0,0,NA
DBH,,1,0,0,0,0,0,NA
DBI,,1,0,0,0,0,0,1.3033998546202528
DBNL,,1,0,0,0,0,0,-0.4754952495691358
DBP,,1,0,0,0,0,0,NA
DCC,,1,0,0,0,0,0,NA
DCLRE1B,,1,0,0,0,0,0,NA
DCN,,1,0,0,0,0,0,-0.3745604844032645
DCP1A,,1,0,0,0,0,0,NA
DCTN6,,1,0,0,0,0,0,NA
DDAH2,,1,0,0,0,0,0,NA
DDB1,,1,0,0,0,0,0,-1.026356302040062
DDB2,,1,0,0,0,0,0,NA
DDC,,1,0,0,0,0,0,NA
DDHD1,,1,0,0,0,0,0,NA
DDIT3,,1,0,0,0,0,0,NA
DDR1,,1,0,0,0,0,0,NA
DDR2,,1,0,0,0,0,0,NA
DDX17,,1,0,0,0,0,0,0.051646679177460235
DDX20,,1,0,0,0,0,0,NA
DDX41,,1,0,0,0,0,0,NA
DDX5,,1,0,0,0,0,0,-1.3182233799976946
DDX58,,1,0,0,0,0,0,-1.0746779446381098
DDX6,,1,0,0,0,0,0,-1.513201964018377
DEF6,,1,0,0,0,0,0,NA
DEFB104A,,1,0,0,0,0,0,NA
DEFB4B,,1,0,0,0,0,0,NA
DEK,,1,0,0,0,0,0,1.3170956276695902
DEPTOR,,1,0,0,0,0,0,NA
DEPTOR_EEF1A1_MLST8_MTOR_PRR5_RICTOR,,1,0,0,0,0,0,NA
DFFA,,1,0,0,0,0,0,NA
DFFB,,1,0,0,0,0,0,NA
DGKZ,,1,0,0,0,0,0,NA
DGUOK,,1,0,0,0,0,0,NA
DHX9,,1,0,0,0,0,0,-1.4038722047928431
DIABLO,,1,0,0,0,0,0,NA
DIAPH1,,1,0,0,0,0,0,-1.3826425883327502
DIAPH2,,1,0,0,0,0,0,0.7361425465970057
DIAPH3,,1,0,0,0,0,0,NA
DKC1,,1,0,0,0,0,0,-1.6405768394710802
DKK1,,1,0,0,0,0,0,NA
DKK4,,1,0,0,0,0,0,NA
DLAT,,1,0,0,0,0,0,-1.0385567036926964
DLC1,,1,0,0,0,0,0,NA
DLD,,1,0,0,0,0,0,-0.29465986963059065
DLG1,,1,0,0,0,0,0,NA
DLG3,,1,0,0,0,0,0,NA
DLG4,,1,0,0,0,0,0,NA
DLGAP5,,1,0,0,0,0,0,NA
DLK1,,1,0,0,0,0,0,NA
DLL1,,1,0,0,0,0,0,NA
DLL3,,1,0,0,0,0,0,NA
DLL4,,1,0,0,0,0,0,NA
DLX3,,1,0,0,0,0,0,NA
DLX5,,1,0,0,0,0,0,NA
DMD,,1,0,0,0,0,0,NA
DMTF1,,1,0,0,0,0,0,NA
DNAJA1,,1,0,0,0,0,0,-1.0051875727179078
DNAJA3,,1,0,0,0,0,0,NA
DNAJB1,,1,0,0,0,0,0,0.7301795899174264
DNAJC3,,1,0,0,0,0,0,-0.6434074577234138
DNAJC5,,1,0,0,0,0,0,NA
DNM1,,1,0,0,0,0,0,NA
DNM2,,1,0,0,0,0,0,1.4969552358278202
DNMT1,,1,0,0,0,0,0,NA
DNMT3A,,1,0,0,0,0,0,NA
DNMT3B,,1,0,0,0,0,0,NA
DNMT3L,,1,0,0,0,0,0,NA
DNTT,,1,0,0,0,0,0,NA
DOCK1,,1,0,0,0,0,0,NA
DOCK1_ELMO1,,1,0,0,0,0,0,NA
DOCK2,,1,0,0,0,0,0,-0.9007016819351052
DOCK7,,1,0,0,0,0,0,NA
DOK1,,1,0,0,0,0,0,NA
DOK2,,1,0,0,0,0,0,NA
DOK4,,1,0,0,0,0,0,NA
DPF2,,1,0,0,0,0,0,NA
DPP4,,1,0,0,0,0,0,-0.8186827990697124
DPYSL2,,1,0,0,0,0,0,1.6048227204603216
DPYSL5,,1,0,0,0,0,0,NA
DRD1,,1,0,0,0,0,0,NA
DRD2,,1,0,0,0,0,0,NA
DRD3,,1,0,0,0,0,0,NA
DRD4,,1,0,0,0,0,0,NA
DRD5,,1,0,0,0,0,0,NA
DSCAM,,1,0,0,0,0,0,NA
DST,,1,0,0,0,0,0,NA
DTL,,1,0,0,0,0,0,NA
DTNBP1,,1,0,0,0,0,0,NA
DTX1,,1,0,0,0,0,0,NA
DTX3L,,1,0,0,0,0,0,-1.2572441016134999
DTX4,,1,0,0,0,0,0,NA
DUOX1,,1,0,0,0,0,0,NA
DUSP1,,1,0,0,0,0,0,NA
DUSP10,,1,0,0,0,0,0,NA
DUSP16,,1,0,0,0,0,0,NA
DUSP2,,1,0,0,0,0,0,NA
DUSP3,,1,0,0,0,0,0,-0.19957446985373645
DUSP4,,1,0,0,0,0,0,NA
DUSP5,,1,0,0,0,0,0,NA
DUSP6,,1,0,0,0,0,0,NA
DUSP8,,1,0,0,0,0,0,NA
DVL1,,1,0,0,0,0,0,NA
DVL1P1,,1,0,0,0,0,0,NA
DVL2,,1,0,0,0,0,0,NA
DVL3,,1,0,0,0,0,0,NA
DYNLL1,,1,0,0,0,0,0,NA
DYNLL2,,1,0,0,0,0,0,NA
DYRK1B,,1,0,0,0,0,0,NA
DYRK2,,1,0,0,0,0,0,NA
E2F1,,1,0,0,0,0,0,NA
E2F2,,1,0,0,0,0,0,NA
E2F3,,1,0,0,0,0,0,NA
E2F4,,0,0,1,-1,0,-1,NA
E2F5,,1,0,0,0,0,0,NA
E2F6,,1,0,0,0,0,0,NA
E2F7,,1,0,0,0,0,0,NA
E4F1,,1,0,0,0,0,0,NA
EBI3,,1,0,0,0,0,0,NA
EBP,,1,0,0,0,0,0,NA
ECE1,,1,0,0,0,0,0,NA
ECM1,,1,0,0,0,0,0,NA
ECSIT,,1,0,0,0,0,0,NA
ECT2,,1,0,0,0,0,0,NA
EDN1,,1,0,0,0,0,0,NA
EDN2,,1,0,0,0,0,0,NA
EDN3,,1,0,0,0,0,0,NA
EDNRA,,1,0,0,0,0,0,NA
EDNRB,,1,0,0,0,0,0,NA
EEA1,,1,0,0,0,0,0,-0.26068136126883673
EED,,1,0,0,0,0,0,NA
EEF1A1,,1,0,0,0,0,0,-1.5374939694596796
EEF1B2,,1,0,0,0,0,0,NA
EEF1D,,1,0,0,0,0,0,-1.836177576562762
EEF1G,M,1,0,0,0,1,0,-2.2811638364941333
EEF2,M,0,0,1,-1,1,-1,-2.4649868046108323
EEF2K,,1,0,0,0,0,0,NA
EFNA1,,1,0,0,0,0,0,NA
EFNA2,,1,0,0,0,0,0,NA
EFNB1,,1,0,0,0,0,0,NA
EFNB2,,1,0,0,0,0,0,NA
EGF,,1,0,0,0,0,0,NA
EGFR,,1,0,0,0,0,0,NA
EGFR_ERBB2,,1,0,0,0,0,0,NA
EGLN1,,1,0,0,0,0,0,NA
EGLN2,,1,0,0,0,0,0,NA
EGLN3,,1,0,0,0,0,0,NA
EGR1,,1,0,0,0,0,0,NA
EGR2,,1,0,0,0,0,0,NA
EGR3,,1,0,0,0,0,0,NA
EIF2A,,1,0,0,0,0,0,-1.6007905477643654
EIF2AK2,,1,0,0,0,0,0,-1.7203806166083844
EIF2AK3,,1,0,0,0,0,0,NA
EIF2AK4,,1,0,0,0,0,0,NA
EIF2B1,,1,0,0,0,0,0,-1.7829955429397921
EIF2B5,,1,0,0,0,0,0,NA
EIF2S1,,1,0,0,0,0,0,-1.7781102716714279
EIF2S2,,1,0,0,0,0,0,0.07183487192622973
EIF2S3,M,0,0,1,-1,1,-1,-2.104746007252348
EIF3C,M,1,0,0,0,1,0,-2.053007114078023
EIF3E,,1,0,0,0,0,0,-1.776769170046058
EIF3F,M,1,0,0,0,1,0,-2.2636762327258895
EIF3I,M,1,0,0,0,1,0,-2.3590059871125693
EIF3J,,1,0,0,0,0,0,NA
EIF4A1,M,1,0,0,0,1,0,-2.5305909039863863
EIF4A2,,1,0,0,0,0,0,0.37348730289272103
EIF4B,,1,0,0,0,0,0,NA
EIF4E,,1,0,0,0,0,0,NA
EIF4EBP1,,1,0,0,0,0,0,NA
EIF4EBP2,,1,0,0,0,0,0,NA
EIF4EBP3,,1,0,0,0,0,0,NA
EIF4G1,,1,0,0,0,0,0,NA
EIF4G2,,1,0,0,0,0,0,-1.156585396834593
EIF4H,,1,0,0,0,0,0,NA
EIF5,,1,0,0,0,0,0,-0.48898047128601874
EIF6,,1,0,0,0,0,0,NA
ELANE,,1,0,0,0,0,0,NA
ELAVL1,,1,0,0,0,0,0,-0.9142098340372703
ELF1,,1,0,0,0,0,0,NA
ELF2,,1,0,0,0,0,0,NA
ELF3,,1,0,0,0,0,0,NA
ELF4,,1,0,0,0,0,0,NA
ELK1,,1,0,0,0,0,0,NA
ELK3,,1,0,0,0,0,0,NA
ELK4,,1,0,0,0,0,0,NA
ELMO1,,1,0,0,0,0,0,NA
ELOC,,1,0,0,0,0,0,-1.110283137086411
EMD,,1,0,0,0,0,0,0.18495135981507763
ENAH,,1,0,0,0,0,0,-1.044634488721128
ENG,,1,0,0,0,0,0,NA
ENO1,,1,0,0,0,0,0,-1.2375959212362744
ENPEP,,1,0,0,0,0,0,NA
ENPP1,,1,0,0,0,0,0,NA
ENPP2,,1,0,0,0,0,0,NA
ENTPD1,,1,0,0,0,0,0,1.0699482609562996
Enzyme1025700002__SLCO1B1,,1,0,0,0,0,0,NA
Enzyme1026500003__SLCO1A2,,1,0,0,0,0,0,NA
Enzyme1030__AOC1,,1,0,0,0,0,0,NA
Enzyme1030__AOC2,,1,0,0,0,0,0,NA
Enzyme1030__AOC3,,1,0,0,0,0,0,NA
Enzyme10508__PLD1,,1,0,0,0,0,0,NA
Enzyme10508__PLD2,,1,0,0,0,0,0,NA
Enzyme10543__GLS2,,1,0,0,0,0,0,NA
Enzyme1108__NOS1,,1,0,0,0,0,0,NA
Enzyme1108__NOS2,,1,0,0,0,0,0,NA
Enzyme1108__NOS3,,1,0,0,0,0,0,NA
Enzyme1170__PLD1,,1,0,0,0,0,0,NA
Enzyme1170__PLD2,,1,0,0,0,0,0,NA
Enzyme136__ALDH1A2,,1,0,0,0,0,0,NA
Enzyme136__ALDH9A1,,1,0,0,0,0,0,NA
Enzyme1393__STS,,1,0,0,0,0,0,NA
Enzyme1553__PKLR,,1,0,0,0,0,0,NA
Enzyme215200002__SLCO1B1,,1,0,0,0,0,0,NA
Enzyme215300002__SLCO1B1,,1,0,0,0,0,0,NA
Enzyme2341__PRDX6_reverse,,1,0,0,0,0,0,NA
Enzyme2341__TPO_reverse,,1,0,0,0,0,0,NA
Enzyme2346__PKM,,1,0,0,0,0,0,NA
Enzyme2882__HPGD_reverse,,1,0,0,0,0,0,NA
Enzyme2961__orphanReacACLYSHYc,,1,0,0,0,0,0,NA
Enzyme3422__orphanReacALAARGCYSr,,1,0,0,0,0,0,NA
Enzyme3428__orphanReacALAARGGLYr,,1,0,0,0,0,0,NA
Enzyme3433__orphanReacARGALATHRr,,1,0,0,0,0,0,NA
Enzyme3457__orphanReacASPALAARGr,,1,0,0,0,0,0,NA
Enzyme3464__orphanReacLYSTRPARGr,,1,0,0,0,0,0,NA
Enzyme3806__ALDH1A2,,1,0,0,0,0,0,NA
Enzyme3806__ALDH9A1,,1,0,0,0,0,0,NA
Enzyme3833__PKLR,,1,0,0,0,0,0,NA
Enzyme3833__PKM,,1,0,0,0,0,0,NA
Enzyme3840__AHCY,,1,0,0,0,0,0,NA
Enzyme3840__AHCYL1,,1,0,0,0,0,0,NA
Enzyme4347__PLD1,,1,0,0,0,0,0,NA
Enzyme4347__PLD2,,1,0,0,0,0,0,NA
Enzyme4351__GPX1,,1,0,0,0,0,0,NA
Enzyme4351__GPX3,,1,0,0,0,0,0,NA
Enzyme4351__PRDX6,,1,0,0,0,0,0,NA
Enzyme4352__ACHE,,1,0,0,0,0,0,NA
Enzyme4367__ALOX12,,1,0,0,0,0,0,NA
Enzyme4465__CYP17A1,,1,0,0,0,0,0,NA
Enzyme4481__MPO,,1,0,0,0,0,0,NA
Enzyme4481__PRDX6,,1,0,0,0,0,0,NA
Enzyme4481__TPO,,1,0,0,0,0,0,NA
Enzyme4766__IL4I1,,1,0,0,0,0,0,NA
Enzyme4787__IL4I1,,1,0,0,0,0,0,NA
Enzyme5557__ADA,,1,0,0,0,0,0,NA
Enzyme5592__GPT,,1,0,0,0,0,0,NA
Enzyme5592__GPT2,,1,0,0,0,0,0,NA
Enzyme5702__CHAT_reverse,,1,0,0,0,0,0,NA
Enzyme5783__ADA,,1,0,0,0,0,0,NA
Enzyme6630__orphanReacMETTRANSc_reverse,,1,0,0,0,0,0,NA
Enzyme7058__orphanReacARGALAPHEr,,1,0,0,0,0,0,NA
Enzyme7066__orphanReacARGLYSASPr,,1,0,0,0,0,0,NA
Enzyme7307__orphanReacLEUALAARGr,,1,0,0,0,0,0,NA
Enzyme7312__orphanReacLYSARGLEUr,,1,0,0,0,0,0,NA
Enzyme7338__LDHB_LDHA,,1,0,0,0,0,0,NA
Enzyme7363__orphanReacSERARGALAr,,1,0,0,0,0,0,NA
Enzyme7372__orphanReacTRPARGALAr,,1,0,0,0,0,0,NA
Enzyme7646__ADH1A,,1,0,0,0,0,0,NA
Enzyme7646__ADH1B,,1,0,0,0,0,0,NA
Enzyme807__GGCT,,1,0,0,0,0,0,NA
Enzyme8159__TH,,1,0,0,0,0,0,NA
Enzyme8160__TYR,,1,0,0,0,0,0,NA
Enzyme8171__AKR1C3,,1,0,0,0,0,0,NA
Enzyme895__DDC,,1,0,0,0,0,0,NA
Enzyme895__HDC,,1,0,0,0,0,0,NA
Enzyme9123__AOC1,,1,0,0,0,0,0,NA
Enzyme9123__AOC2,,1,0,0,0,0,0,NA
Enzyme9124__SLC22A2,,1,0,0,0,0,0,NA
Enzyme9124__SLC22A3,,1,0,0,0,0,0,NA
Enzyme9124__SLC22A5,,1,0,0,0,0,0,NA
Enzyme9217__ME1,,1,0,0,0,0,0,NA
Enzyme9272__SLC9A1,,1,0,0,0,0,0,NA
Enzyme9272__SLC9A3,,1,0,0,0,0,0,NA
Enzyme9303__NOS1,,1,0,0,0,0,0,NA
Enzyme9303__NOS2,,1,0,0,0,0,0,NA
Enzyme9303__NOS3,,1,0,0,0,0,0,NA
Enzyme9432__PRDX6,,1,0,0,0,0,0,NA
Enzyme9611__TH,,1,0,0,0,0,0,NA
Enzyme9688__PKLR,,1,0,0,0,0,0,NA
Enzyme9689__NOS1,,1,0,0,0,0,0,NA
Enzyme9689__NOS2,,1,0,0,0,0,0,NA
Enzyme9689__NOS3,,1,0,0,0,0,0,NA
Enzyme9690__PKLR,,1,0,0,0,0,0,NA
Enzyme9707__PKLR,,1,0,0,0,0,0,NA
Enzyme9729__PKLR,,1,0,0,0,0,0,NA
Enzyme9743__XDH,,1,0,0,0,0,0,NA
Enzyme9744__XDH,,1,0,0,0,0,0,NA
EOMES,,1,0,0,0,0,0,NA
EP300,,1,0,0,0,0,0,NA
EP400,,1,0,0,0,0,0,NA
EPAS1,,1,0,0,0,0,0,NA
EPB41,,1,0,0,0,0,0,1.296907009724375
EPHA1,,1,0,0,0,0,0,NA
EPHA2,,1,0,0,0,0,0,NA
EPHA3,,1,0,0,0,0,0,NA
EPHA4,,1,0,0,0,0,0,NA
EPHA5,,1,0,0,0,0,0,NA
EPHA6,,1,0,0,0,0,0,NA
EPHA7,,1,0,0,0,0,0,NA
EPHA8,,1,0,0,0,0,0,NA
EPHB1,,1,0,0,0,0,0,NA
EPHB2,,1,0,0,0,0,0,NA
EPHB3,,1,0,0,0,0,0,NA
EPHB4,,1,0,0,0,0,0,NA
EPHX1,,1,0,0,0,0,0,-1.7021907907068885
EPN1,,1,0,0,0,0,0,NA
EPO,,1,0,0,0,0,0,NA
EPOR,,1,0,0,0,0,0,NA
EPS15,,1,0,0,0,0,0,NA
EPS15L1,,1,0,0,0,0,0,NA
EPX,,1,0,0,0,0,0,NA
ERBB2,,1,0,0,0,0,0,NA
ERBB3,,1,0,0,0,0,0,NA
ERBB4,,1,0,0,0,0,0,NA
ERBIN,,1,0,0,0,0,0,NA
ERC1,,1,0,0,0,0,0,-0.8537812928548427
ERCC2,,1,0,0,0,0,0,NA
ERCC3,,1,0,0,0,0,0,NA
ERCC5,,1,0,0,0,0,0,NA
ERCC6,,1,0,0,0,0,0,NA
EREG,,1,0,0,0,0,0,NA
ERF,,1,0,0,0,0,0,NA
ERG,,1,0,0,0,0,0,NA
ERN1,,1,0,0,0,0,0,NA
ERRFI1,,1,0,0,0,0,0,NA
ERVK_6,,1,0,0,0,0,0,NA
ESCO1,,1,0,0,0,0,0,NA
ESPL1,,1,0,0,0,0,0,NA
ESR1,,1,0,0,0,0,0,NA
ESR2,,1,0,0,0,0,0,NA
ESRRA,,1,0,0,0,0,0,NA
ESRRB,,1,0,0,0,0,0,NA
ESRRG,,1,0,0,0,0,0,NA
ETS1,,1,0,0,0,0,0,NA
ETS2,,1,0,0,0,0,0,NA
ETV1,,1,0,0,0,0,0,NA
ETV3,,1,0,0,0,0,0,NA
ETV4,,1,0,0,0,0,0,NA
ETV5,,1,0,0,0,0,0,NA
ETV6,,1,0,0,0,0,0,NA
EXOC6B,,1,0,0,0,0,0,NA
EYA3,,1,0,0,0,0,0,NA
EZH2,,1,0,0,0,0,0,NA
EZH2_SUZ12,,1,0,0,0,0,0,NA
EZR,,1,0,0,0,0,0,1.5580952625946451
F10,,1,0,0,0,0,0,NA
F11,,1,0,0,0,0,0,NA
F11R,,1,0,0,0,0,0,0.8706386542016514
F12,,1,0,0,0,0,0,NA
F13B,,1,0,0,0,0,0,NA
F2,,1,0,0,0,0,0,0.6326931765344743
F2R,,1,0,0,0,0,0,NA
F2RL1,,1,0,0,0,0,0,NA
F2RL2,,1,0,0,0,0,0,NA
F2RL3,,1,0,0,0,0,0,NA
F3,,1,0,0,0,0,0,NA
F7,,1,0,0,0,0,0,NA
F8,,1,0,0,0,0,0,NA
F9,,1,0,0,0,0,0,NA
FAAP100,,1,0,0,0,0,0,NA
FAAP24,,1,0,0,0,0,0,NA
FADD,,1,0,0,0,0,0,NA
FAF1,,1,0,0,0,0,0,NA
FAM162A,,1,0,0,0,0,0,NA
FAM83G,,1,0,0,0,0,0,NA
FANCA,,1,0,0,0,0,0,NA
FANCB,,1,0,0,0,0,0,NA
FANCC,,1,0,0,0,0,0,NA
FANCD2,,1,0,0,0,0,0,NA
FANCE,,1,0,0,0,0,0,NA
FANCF,,1,0,0,0,0,0,NA
FANCG,,1,0,0,0,0,0,NA
FANCI,,1,0,0,0,0,0,NA
FANCL,,1,0,0,0,0,0,NA
FANCM,,1,0,0,0,0,0,NA
FARP1,,1,0,0,0,0,0,0.7495275356341206
FARP2,,1,0,0,0,0,0,NA
FAS,,1,0,0,0,0,0,NA
FASLG,,1,0,0,0,0,0,NA
FASN,,1,0,0,0,0,0,-1.213125746675737
FBLN1,,1,0,0,0,0,0,NA
FBP1,,1,0,0,0,0,0,-0.9138803883171832
FBXL21P,,1,0,0,0,0,0,NA
FBXO31,,1,0,0,0,0,0,NA
FBXO32,,1,0,0,0,0,0,NA
FBXO43,,1,0,0,0,0,0,NA
FBXO5,,1,0,0,0,0,0,NA
FBXO7,,1,0,0,0,0,0,NA
FBXW7,,1,0,0,0,0,0,NA
FCAR,,1,0,0,0,0,0,NA
FCER1A,,1,0,0,0,0,0,NA
FCER1G,,1,0,0,0,0,0,NA
FCER2,,1,0,0,0,0,0,NA
FCGR1A,,1,0,0,0,0,0,NA
FCGR2A,,1,0,0,0,0,0,NA
FCGR2B,,1,0,0,0,0,0,NA
FCGR2C,,1,0,0,0,0,0,NA
FCGR3A,,1,0,0,0,0,0,NA
FCGR3B,,1,0,0,0,0,0,NA
FDPS,,1,0,0,0,0,0,NA
FEN1,,1,0,0,0,0,0,NA
FER,,1,0,0,0,0,0,NA
FERMT3,,1,0,0,0,0,0,-1.2315721685778707
FES,,1,0,0,0,0,0,NA
FGA,,1,0,0,0,0,0,NA
FGB,,1,0,0,0,0,0,0.9861175817059771
FGF1,,1,0,0,0,0,0,NA
FGF10,,1,0,0,0,0,0,NA
FGF11,,1,0,0,0,0,0,NA
FGF12,,1,0,0,0,0,0,NA
FGF13,,1,0,0,0,0,0,NA
FGF14,,1,0,0,0,0,0,NA
FGF16,,1,0,0,0,0,0,NA
FGF17,,1,0,0,0,0,0,NA
FGF18,,1,0,0,0,0,0,NA
FGF19,,1,0,0,0,0,0,NA
FGF2,,1,0,0,0,0,0,NA
FGF20,,1,0,0,0,0,0,NA
FGF21,,1,0,0,0,0,0,NA
FGF22,,1,0,0,0,0,0,NA
FGF23,,1,0,0,0,0,0,NA
FGF3,,1,0,0,0,0,0,NA
FGF4,,1,0,0,0,0,0,NA
FGF5,,1,0,0,0,0,0,NA
FGF6,,1,0,0,0,0,0,NA
FGF7,,1,0,0,0,0,0,NA
FGF8,,1,0,0,0,0,0,NA
FGF9,,1,0,0,0,0,0,NA
FGFBP1,,1,0,0,0,0,0,NA
FGFR1,,1,0,0,0,0,0,NA
FGFR2,,1,0,0,0,0,0,NA
FGFR3,,1,0,0,0,0,0,NA
FGFR4,,1,0,0,0,0,0,NA
FGG,,1,0,0,0,0,0,0.6433092610779977
FGL1,,1,0,0,0,0,0,NA
FGR,,1,0,0,0,0,0,NA
FH,,1,0,0,0,0,0,-0.8892760144960724
FHIT,,1,0,0,0,0,0,NA
FHL1,,1,0,0,0,0,0,1.7091098519542922
FHL2,,1,0,0,0,0,0,NA
FKBP1A,,1,0,0,0,0,0,1.2306733903764702
FKBP4,,1,0,0,0,0,0,-1.7784967025439835
FKBP5,,1,0,0,0,0,0,-0.5770512103512326
FKBP8,,1,0,0,0,0,0,-0.8742773872625319
FLI1,,1,0,0,0,0,0,NA
FLII,,1,0,0,0,0,0,-1.103144775423923
FLNA,,1,0,0,0,0,0,0.188553015506146
FLOT2,,1,0,0,0,0,0,0.5685785446206644
FLT1,,1,0,0,0,0,0,NA
FLT3,,1,0,0,0,0,0,NA
FLT4,,1,0,0,0,0,0,NA
FMR1,,1,0,0,0,0,0,NA
FN1,,1,0,0,0,0,0,-0.80986216720924
FNIP1,,1,0,0,0,0,0,NA
FNTA,,1,0,0,0,0,0,NA
FOS,,1,0,0,0,0,0,NA
FOS_JUN,,1,0,0,0,0,0,NA
FOSB,,1,0,0,0,0,0,NA
FOSL1,,1,0,0,0,0,0,NA
FOSL2,,1,0,0,0,0,0,NA
FOXA1,,1,0,0,0,0,0,NA
FOXA2,,1,0,0,0,0,0,NA
FOXC1,,1,0,0,0,0,0,NA
FOXC2,,1,0,0,0,0,0,NA
FOXF1,,1,0,0,0,0,0,NA
FOXF2,,1,0,0,0,0,0,NA
FOXG1,,1,0,0,0,0,0,NA
FOXH1,,1,0,0,0,0,0,NA
FOXI1,,1,0,0,0,0,0,NA
FOXL2,,1,0,0,0,0,0,NA
FOXM1,,1,0,0,0,0,0,NA
FOXN3,,1,0,0,0,0,0,NA
FOXO1,,1,0,0,0,0,0,NA
FOXO3,,1,0,0,0,0,0,NA
FOXO4,,1,0,0,0,0,0,NA
FOXP1,,1,0,0,0,0,0,NA
FOXP3,,1,0,0,0,0,0,NA
FPR1,,1,0,0,0,0,0,NA
FPR2,,1,0,0,0,0,0,NA
FRAT1,,1,0,0,0,0,0,NA
FRK,,1,0,0,0,0,0,NA
FRS2,,1,0,0,0,0,0,NA
FRS3,,1,0,0,0,0,0,NA
FSHB,,1,0,0,0,0,0,NA
FSHR,,1,0,0,0,0,0,NA
FST,,1,0,0,0,0,0,NA
FSTL1,,1,0,0,0,0,0,NA
FTH1,,1,0,0,0,0,0,1.1679372373352144
FUBP1,,1,0,0,0,0,0,-0.2006005722794014
FURIN,,1,0,0,0,0,0,NA
FUS,,1,0,0,0,0,0,0.3659658447742775
FXN,,1,0,0,0,0,0,NA
FXYD5,,1,0,0,0,0,0,NA
FYCO1,,1,0,0,0,0,0,NA
FYN,,1,0,0,0,0,0,NA
FZD1,,1,0,0,0,0,0,NA
FZD10,,1,0,0,0,0,0,NA
FZD2,,1,0,0,0,0,0,NA
FZD3,,1,0,0,0,0,0,NA
FZD4,,1,0,0,0,0,0,NA
FZD5,,1,0,0,0,0,0,NA
FZD6,,1,0,0,0,0,0,NA
FZD7,,1,0,0,0,0,0,NA
FZD8,,1,0,0,0,0,0,NA
FZD9,,1,0,0,0,0,0,NA
FZR1,,1,0,0,0,0,0,NA
G3BP1,,1,0,0,0,0,0,-1.2673964711175028
G3BP2,,1,0,0,0,0,0,NA
GAB1,,1,0,0,0,0,0,NA
GAB2,,1,0,0,0,0,0,NA
GABARAP,,1,0,0,0,0,0,NA
GABARAPL1,,1,0,0,0,0,0,NA
GABARAPL2,,1,0,0,0,0,0,NA
GABBR1,,1,0,0,0,0,0,NA
GABPA,,1,0,0,0,0,0,NA
GABRQ,,1,0,0,0,0,0,NA
GAD1,,1,0,0,0,0,0,NA
GADD45A,,1,0,0,0,0,0,NA
GADD45B,,1,0,0,0,0,0,NA
GADD45G,,1,0,0,0,0,0,NA
GAK,,1,0,0,0,0,0,-0.7315588849659719
GAL,,1,0,0,0,0,0,NA
GALR1,,1,0,0,0,0,0,NA
GAPDH,,1,0,0,0,0,0,-1.95140814575744
GAS1,,1,0,0,0,0,0,NA
GAST,,1,0,0,0,0,0,NA
GATA1,,1,0,0,0,0,0,NA
GATA2,,1,0,0,0,0,0,NA
GATA3,,1,0,0,0,0,0,NA
GATA4,,1,0,0,0,0,0,NA
GATA6,,1,0,0,0,0,0,NA
GBF1,,1,0,0,0,0,0,-1.3163298278246642
GCG,,1,0,0,0,0,0,NA
GCK,,1,0,0,0,0,0,NA
GCKR,,1,0,0,0,0,0,NA
GCLC,,1,0,0,0,0,0,NA
GDF1,,1,0,0,0,0,0,NA
GDF11,,1,0,0,0,0,0,NA
GDF15,,1,0,0,0,0,0,NA
GDF3,,1,0,0,0,0,0,NA
GDF5,,1,0,0,0,0,0,NA
GDF6,,1,0,0,0,0,0,NA
GDF7,,1,0,0,0,0,0,NA
GDI1,,1,0,0,0,0,0,0.11031841799327795
GDNF,,1,0,0,0,0,0,NA
GEM,,1,0,0,0,0,0,NA
GFAP,,1,0,0,0,0,0,NA
GFER,,1,0,0,0,0,0,NA
GFI1,,1,0,0,0,0,0,NA
GFPT1,,1,0,0,0,0,0,-0.8891330651625626
GFRA1,,1,0,0,0,0,0,NA
GH1,,1,0,0,0,0,0,NA
GH2,,1,0,0,0,0,0,NA
GHR,,1,0,0,0,0,0,NA
GHRH,,1,0,0,0,0,0,NA
GHRHR,,1,0,0,0,0,0,NA
GHRL,,1,0,0,0,0,0,NA
GHSR,,1,0,0,0,0,0,NA
GIP,,1,0,0,0,0,0,NA
GIT1,,1,0,0,0,0,0,NA
GIT2,,1,0,0,0,0,0,NA
GJA1,,1,0,0,0,0,0,NA
GK,,1,0,0,0,0,0,NA
GK2,,1,0,0,0,0,0,NA
GLB1,,1,0,0,0,0,0,-1.6625805953078987
GLI1,,1,0,0,0,0,0,NA
GLI2,,1,0,0,0,0,0,NA
GLI3,,1,0,0,0,0,0,NA
GLIS2,,1,0,0,0,0,0,NA
GLMN,,1,0,0,0,0,0,NA
GLP1R,,1,0,0,0,0,0,NA
GMFB,,1,0,0,0,0,0,NA
GMNN,,1,0,0,0,0,0,NA
GMPS,,1,0,0,0,0,0,-1.738792035954796
GNA11,M,1,0,0,0,1,0,2.0576459243058784
GNA12,,1,0,0,0,0,0,NA
GNA13,,1,0,0,0,0,0,0.6949718188432954
GNA14,,1,0,0,0,0,0,NA
GNA15,,1,0,0,0,0,0,NA
GNAI1,,0,1,0,1,0,1,NA
GNAI2,,1,0,0,0,0,0,0.31147755651249903
GNAI3,,1,0,0,0,0,0,NA
GNAL,,1,0,0,0,0,0,NA
GNAO1,,1,0,0,0,0,0,NA
GNAQ,M,1,0,0,0,1,0,2.070334674527981
GNAS,,1,0,0,0,0,0,0.8751462969055986
GNAZ,,1,0,0,0,0,0,NA
GNB1,,1,0,0,0,0,0,0.1484068277464327
GNB2,,1,0,0,0,0,0,NA
GNB3,,1,0,0,0,0,0,0.1484068277464327
GNB5,,1,0,0,0,0,0,NA
GNG12,,1,0,0,0,0,0,NA
GNG2,,1,0,0,0,0,0,NA
GNG3,,1,0,0,0,0,0,NA
GNG8,,1,0,0,0,0,0,NA
GNGT1,,1,0,0,0,0,0,NA
GNL3,,1,0,0,0,0,0,NA
GNLY,,1,0,0,0,0,0,NA
GNRH1,,1,0,0,0,0,0,NA
GNRHR,,1,0,0,0,0,0,NA
GP1BA_GP1BB_GP5_GP9,,1,0,0,0,0,0,NA
GP5,,1,0,0,0,0,0,NA
GP9,,1,0,0,0,0,0,NA
GPC1,,1,0,0,0,0,0,NA
GPC3,,1,0,0,0,0,0,NA
GPC6,,1,0,0,0,0,0,NA
GPER1,,1,0,0,0,0,0,NA
GPHB5,,1,0,0,0,0,0,NA
GPHN,,1,0,0,0,0,0,NA
GPI,,1,0,0,0,0,0,-1.4757470227826532
GPLD1,,1,0,0,0,0,0,NA
GPM6A,,1,0,0,0,0,0,NA
GPR119,,1,0,0,0,0,0,NA
GPR160,,1,0,0,0,0,0,NA
GPR161,,1,0,0,0,0,0,NA
GPR182,,1,0,0,0,0,0,NA
GPSM3,,1,0,0,0,0,0,NA
GPX1,,1,0,0,0,0,0,-0.39752998688041186
GPX3,,1,0,0,0,0,0,1.471764058386146
GRAP,,1,0,0,0,0,0,NA
GRAP2,,1,0,0,0,0,0,NA
GRB10,,1,0,0,0,0,0,NA
GRB14,,1,0,0,0,0,0,NA
GRB2,,1,0,0,0,0,0,-1.0161411094248385
GREB1,,1,0,0,0,0,0,NA
GREM1,,1,0,0,0,0,0,NA
GRIN2A,,1,0,0,0,0,0,NA
GRIP1,,1,0,0,0,0,0,NA
GRIPAP1,,1,0,0,0,0,0,-0.12050035420159969
GRK2,,1,0,0,0,0,0,NA
GRK5,,1,0,0,0,0,0,NA
GRM1,,1,0,0,0,0,0,NA
GRM5,,1,0,0,0,0,0,NA
GRM7,,1,0,0,0,0,0,NA
GRN,,1,0,0,0,0,0,NA
GRP,,1,0,0,0,0,0,NA
GRPR,,1,0,0,0,0,0,NA
GSC,,1,0,0,0,0,0,NA
GSK3A,,1,0,0,0,0,0,NA
GSK3B,,1,0,0,0,0,0,NA
GSN,,1,0,0,0,0,0,-0.5665719099754178
GSPT1,,1,0,0,0,0,0,-1.7743001353635521
GSTP1,,1,0,0,0,0,0,1.6135413884413459
GTF2A1,,1,0,0,0,0,0,NA
GTF2A2,,1,0,0,0,0,0,NA
GTF2B,,1,0,0,0,0,0,NA
GTF2E1,,1,0,0,0,0,0,NA
GTF2F1,,1,0,0,0,0,0,NA
GTF2F2,,1,0,0,0,0,0,NA
GTF2H1,,1,0,0,0,0,0,NA
GTF2H2,,1,0,0,0,0,0,NA
GTF2H3,,1,0,0,0,0,0,NA
GTF2H4,,1,0,0,0,0,0,NA
GTF2I,,1,0,0,0,0,0,-1.3249654771709574
GTF3A,,1,0,0,0,0,0,NA
GTPBP1,,1,0,0,0,0,0,NA
GZMA,,1,0,0,0,0,0,NA
GZMB,,1,0,0,0,0,0,NA
H1_5,,1,0,0,0,0,0,NA
H2AC17,,1,0,0,0,0,0,NA
H2AX,,1,0,0,0,0,0,NA
H2AZ1,,1,0,0,0,0,0,1.082701694390267
H3_4,,1,0,0,0,0,0,NA
H3C15,,1,0,0,0,0,0,NA
H4_16,,1,0,0,0,0,0,NA
HABP4,,1,0,0,0,0,0,NA
HACD2,,1,0,0,0,0,0,NA
HAS2,,1,0,0,0,0,0,NA
HASPIN,,1,0,0,0,0,0,NA
HAT1,,1,0,0,0,0,0,NA
HAX1,,1,0,0,0,0,0,NA
HBA1,,1,0,0,0,0,0,1.8655776911489488
HBB,,1,0,0,0,0,0,1.8180607436470964
HBEGF,,1,0,0,0,0,0,NA
HBP1,,1,0,0,0,0,0,NA
HCFC1,,1,0,0,0,0,0,-0.05897181370798104
HCK,,1,0,0,0,0,0,NA
HCRT,,1,0,0,0,0,0,NA
HCRTR1,,1,0,0,0,0,0,NA
HCST,,1,0,0,0,0,0,NA
HDAC1,,1,0,0,0,0,0,-0.9304461693307214
HDAC2,,1,0,0,0,0,0,-0.455222394283362
HDAC3,,1,0,0,0,0,0,-0.455222394283362
HDAC4,,1,0,0,0,0,0,NA
HDAC5,,1,0,0,0,0,0,NA
HDAC6,,1,0,0,0,0,0,NA
HDAC7,,1,0,0,0,0,0,NA
HDAC8,,1,0,0,0,0,0,NA
HDAC9,,1,0,0,0,0,0,NA
HDC,,1,0,0,0,0,0,NA
HDLBP,,1,0,0,0,0,0,-1.959647694568225
HECTD4,,1,0,0,0,0,0,NA
HELLS,,1,0,0,0,0,0,NA
HERC2,,1,0,0,0,0,0,NA
HES1,,1,0,0,0,0,0,NA
HES5,,1,0,0,0,0,0,NA
HES6,,1,0,0,0,0,0,NA
HEXIM1,,1,0,0,0,0,0,NA
HEY1,,1,0,0,0,0,0,NA
HEY2,,1,0,0,0,0,0,NA
HGF,,1,0,0,0,0,0,NA
HGS,,1,0,0,0,0,0,-1.4570327215842103
HHEX,,1,0,0,0,0,0,NA
HIC1,,1,0,0,0,0,0,NA
HIF1A,,1,0,0,0,0,0,NA
HINFP,,1,0,0,0,0,0,NA
HIPK1,,1,0,0,0,0,0,NA
HIPK2,,1,0,0,0,0,0,NA
HIVEP2,,1,0,0,0,0,0,NA
HK1,,1,0,0,0,0,0,-1.343675172475862
HK2,,1,0,0,0,0,0,NA
HLA_A,,1,0,0,0,0,0,NA
HLA_B,,1,0,0,0,0,0,NA
HLA_DQB1,,1,0,0,0,0,0,NA
HLA_DRA,,1,0,0,0,0,0,NA
HLA_DRB1,,1,0,0,0,0,0,NA
HLA_E,,1,0,0,0,0,0,NA
HLA_F,,1,0,0,0,0,0,NA
HLA_G,,1,0,0,0,0,0,NA
HMBOX1,,1,0,0,0,0,0,NA
HMGA1,,1,0,0,0,0,0,NA
HMGA2,,1,0,0,0,0,0,NA
HMGB1,M,0,1,0,1,1,1,2.2623908435157105
HMGB2,,1,0,0,0,0,0,1.447916750745127
HMGN1,,1,0,0,0,0,0,NA
HMOX1,,1,0,0,0,0,0,NA
HNF1A,,1,0,0,0,0,0,NA
HNF4A,,0,0,1,-1,0,-1,NA
HNRNPA0,,1,0,0,0,0,0,-0.1078567200900177
HNRNPA1,,1,0,0,0,0,0,-1.4792224220563437
HNRNPA2B1,,1,0,0,0,0,0,-0.20522909662070316
HNRNPD,,1,0,0,0,0,0,-0.7826526491715516
HNRNPH1,,1,0,0,0,0,0,-0.4351291704227646
HNRNPK,,1,0,0,0,0,0,-0.6188818222633801
HNRNPU,,1,0,0,0,0,0,0.3369335953196569
HNRNPUL1,,1,0,0,0,0,0,-0.11483551127788626
HOXA10,,1,0,0,0,0,0,NA
HOXA4,,1,0,0,0,0,0,NA
HOXA5,,1,0,0,0,0,0,NA
HOXA9,,1,0,0,0,0,0,NA
HOXB13,,1,0,0,0,0,0,NA
HOXB4,,1,0,0,0,0,0,NA
HOXB7,,1,0,0,0,0,0,NA
HOXB9,,1,0,0,0,0,0,NA
HOXC6,,1,0,0,0,0,0,NA
HOXD10,,1,0,0,0,0,0,NA
HOXD11,,1,0,0,0,0,0,NA
HOXD3,,1,0,0,0,0,0,NA
HOXD9,,1,0,0,0,0,0,NA
HP,,1,0,0,0,0,0,0.8219253516475878
HPCA,,1,0,0,0,0,0,0.4531415586829446
HPGD,,1,0,0,0,0,0,NA
HPGDS,,1,0,0,0,0,0,NA
HPSE,,1,0,0,0,0,0,NA
HRAS,,1,0,0,0,0,0,NA
HRH1,,1,0,0,0,0,0,NA
HRH2,,0,1,0,1,0,1,NA
HRH3,,1,0,0,0,0,0,NA
HRH4,,1,0,0,0,0,0,NA
HRK,,1,0,0,0,0,0,NA
hsa_miR_1_3p,,1,0,0,0,0,0,NA
hsa_miR_1_5p,,1,0,0,0,0,0,NA
hsa_miR_130a_3p,,1,0,0,0,0,0,NA
hsa_miR_130a_5p,,1,0,0,0,0,0,NA
hsa_miR_132_,,1,0,0,0,0,0,NA
hsa_miR_132_3p,,1,0,0,0,0,0,NA
hsa_miR_133a,,1,0,0,0,0,0,NA
hsa_miR_133a_5p,,1,0,0,0,0,0,NA
hsa_miR_143_3p,,1,0,0,0,0,0,NA
hsa_miR_143_5p,,1,0,0,0,0,0,NA
hsa_miR_146a,,1,0,0,0,0,0,NA
hsa_miR_146a_3p,,1,0,0,0,0,0,NA
hsa_miR_155_,,1,0,0,0,0,0,NA
hsa_miR_155_5p,,1,0,0,0,0,0,NA
hsa_miR_223,,1,0,0,0,0,0,NA
hsa_miR_223_5p,,1,0,0,0,0,0,NA
hsa_miR_27a_3p,,1,0,0,0,0,0,NA
hsa_miR_27a_5p,,1,0,0,0,0,0,NA
hsa_miR_27b,,1,0,0,0,0,0,NA
hsa_miR_27b_5p,,1,0,0,0,0,0,NA
hsa_miR_29a,,1,0,0,0,0,0,NA
hsa_miR_29a_,,1,0,0,0,0,0,NA
hsa_miR_29b,,1,0,0,0,0,0,NA
hsa_miR_29b_1_5p,,1,0,0,0,0,0,NA
hsa_miR_29b_2_,,1,0,0,0,0,0,NA
hsa_miR_29c_3p,,1,0,0,0,0,0,NA
hsa_miR_29c_5p,,1,0,0,0,0,0,NA
HSBP1,,1,0,0,0,0,0,NA
HSD11B1,,1,0,0,0,0,0,NA
HSF1,,1,0,0,0,0,0,NA
HSF2,,1,0,0,0,0,0,NA
HSP90AA1,,1,0,0,0,0,0,-1.2828023163160638
HSP90AB1,M,1,0,0,0,1,0,-2.183468260813606
HSP90B1,,1,0,0,0,0,0,-1.206627201906911
HSPA1A,,1,0,0,0,0,0,0.7721141556965166
HSPA1B,,1,0,0,0,0,0,NA
HSPA2,,1,0,0,0,0,0,0.7934761278474993
HSPA4,,1,0,0,0,0,0,-0.9725977120488312
HSPA5,,1,0,0,0,0,0,-1.3518557632883275
HSPA8,,1,0,0,0,0,0,-1.7255801277151315
HSPA9,,1,0,0,0,0,0,-1.5031752135232985
HSPB1,,1,0,0,0,0,0,-0.2581956904555874
HSPB2,,1,0,0,0,0,0,NA
HSPB6,,1,0,0,0,0,0,NA
HSPD1,,1,0,0,0,0,0,-1.6184871141408426
HSPE1,,1,0,0,0,0,0,-0.1695500412297956
HSPG2,,1,0,0,0,0,0,0.3558435250743386
HTR1A,,1,0,0,0,0,0,NA
HTR1B,,1,0,0,0,0,0,NA
HTR1D,,1,0,0,0,0,0,NA
HTR1E,,1,0,0,0,0,0,NA
HTR1F,,1,0,0,0,0,0,NA
HTR2A,,1,0,0,0,0,0,NA
HTR2B,,1,0,0,0,0,0,NA
HTR2C,,1,0,0,0,0,0,NA
HTR4,,1,0,0,0,0,0,NA
HTR5A,,1,0,0,0,0,0,NA
HTR6,,1,0,0,0,0,0,NA
HTR7,,1,0,0,0,0,0,NA
HTRA2,,1,0,0,0,0,0,NA
HTT,,1,0,0,0,0,0,NA
HUS1,,1,0,0,0,0,0,NA
HUWE1,,1,0,0,0,0,0,-1.4324790276771349
IAPP,,1,0,0,0,0,0,NA
IBSP,,1,0,0,0,0,0,NA
IBTK,,1,0,0,0,0,0,NA
ICAM1,,1,0,0,0,0,0,-0.8763181272595267
ICAM3,,1,0,0,0,0,0,NA
ICAM4,,1,0,0,0,0,0,NA
ICOS,,1,0,0,0,0,0,NA
ICOSLG,,1,0,0,0,0,0,NA
ID1,,1,0,0,0,0,0,NA
ID2,,1,0,0,0,0,0,NA
ID3,,1,0,0,0,0,0,NA
IDE,,1,0,0,0,0,0,-0.6465864069967325
IDO1,,1,0,0,0,0,0,NA
IER3,,1,0,0,0,0,0,NA
IFI16,,1,0,0,0,0,0,0.36510057215375846
IFI27,,1,0,0,0,0,0,NA
IFIH1,,1,0,0,0,0,0,NA
IFITM3,,1,0,0,0,0,0,NA
IFNA1,,1,0,0,0,0,0,NA
IFNA10,,1,0,0,0,0,0,NA
IFNA14,,1,0,0,0,0,0,NA
IFNA16,,1,0,0,0,0,0,NA
IFNA17,,1,0,0,0,0,0,NA
IFNA2,,1,0,0,0,0,0,NA
IFNA21,,1,0,0,0,0,0,NA
IFNA4,,1,0,0,0,0,0,NA
IFNA5,,1,0,0,0,0,0,NA
IFNA6,,1,0,0,0,0,0,NA
IFNA7,,1,0,0,0,0,0,NA
IFNA8,,1,0,0,0,0,0,NA
IFNAR1,,1,0,0,0,0,0,NA
IFNAR1_IFNAR2,,1,0,0,0,0,0,NA
IFNAR2,,1,0,0,0,0,0,NA
IFNB1,,1,0,0,0,0,0,NA
IFNG,,1,0,0,0,0,0,NA
IFNGR1,,1,0,0,0,0,0,NA
IFNGR1_IFNGR2,,1,0,0,0,0,0,NA
IFNGR2,,1,0,0,0,0,0,NA
IFNLR1,,1,0,0,0,0,0,NA
IGF1,,1,0,0,0,0,0,NA
IGF1R,,1,0,0,0,0,0,NA
IGF2,,1,0,0,0,0,0,NA
IGF2BP1,,1,0,0,0,0,0,NA
IGFBP1,,1,0,0,0,0,0,NA
IGFBP2,,1,0,0,0,0,0,NA
IGFBP3,,1,0,0,0,0,0,NA
IGFBP4,,1,0,0,0,0,0,NA
IGFBP5,,1,0,0,0,0,0,NA
IGFBP6,,1,0,0,0,0,0,NA
IGHE,,1,0,0,0,0,0,NA
IHH,,1,0,0,0,0,0,NA
IKBKB,,1,0,0,0,0,0,NA
IKBKE,,1,0,0,0,0,0,NA
IKBKE_TBK1,,1,0,0,0,0,0,NA
IKBKG,,1,0,0,0,0,0,NA
IKZF1,,1,0,0,0,0,0,NA
IKZF3,,1,0,0,0,0,0,NA
IL10,,1,0,0,0,0,0,NA
IL10RA,,1,0,0,0,0,0,NA
IL10RA_IL10RB,,1,0,0,0,0,0,NA
IL10RB,,1,0,0,0,0,0,NA
IL11,,1,0,0,0,0,0,NA
IL11RA,,1,0,0,0,0,0,NA
IL12A,,1,0,0,0,0,0,NA
IL12B,,1,0,0,0,0,0,NA
IL12RB1,,1,0,0,0,0,0,NA
IL12RB2,,1,0,0,0,0,0,NA
IL13,,1,0,0,0,0,0,NA
IL13RA1,,1,0,0,0,0,0,NA
IL13RA2,,1,0,0,0,0,0,NA
IL15,,1,0,0,0,0,0,NA
IL15RA,,1,0,0,0,0,0,NA
IL16,,1,0,0,0,0,0,NA
IL17A,,1,0,0,0,0,0,NA
IL17F,,1,0,0,0,0,0,NA
IL18,,1,0,0,0,0,0,NA
IL18R1,,1,0,0,0,0,0,NA
IL18RAP,,1,0,0,0,0,0,NA
IL19,,1,0,0,0,0,0,NA
IL1A,,1,0,0,0,0,0,NA
IL1B,,1,0,0,0,0,0,NA
IL1R1,,1,0,0,0,0,0,NA
IL1R1_IL1RAP,,1,0,0,0,0,0,NA
IL1R2,,1,0,0,0,0,0,NA
IL1RAP,,1,0,0,0,0,0,NA
IL1RAPL1,,1,0,0,0,0,0,NA
IL1RN,,1,0,0,0,0,0,NA
IL2,,1,0,0,0,0,0,NA
IL20,,1,0,0,0,0,0,NA
IL20RA,,1,0,0,0,0,0,NA
IL20RB,,1,0,0,0,0,0,NA
IL21,,1,0,0,0,0,0,NA
IL21R,,1,0,0,0,0,0,NA
IL22RA1,,1,0,0,0,0,0,NA
IL22RA2,,1,0,0,0,0,0,NA
IL23A,,1,0,0,0,0,0,NA
IL23R,,1,0,0,0,0,0,NA
IL24,,1,0,0,0,0,0,NA
IL27,,1,0,0,0,0,0,NA
IL27RA,,1,0,0,0,0,0,NA
IL2RA,,1,0,0,0,0,0,NA
IL2RB,,1,0,0,0,0,0,NA
IL2RG,,1,0,0,0,0,0,NA
IL3,,1,0,0,0,0,0,NA
IL32,,1,0,0,0,0,0,NA
IL33,,1,0,0,0,0,0,NA
IL37,,1,0,0,0,0,0,NA
IL3RA,,1,0,0,0,0,0,NA
IL4,,1,0,0,0,0,0,NA
IL4R,,1,0,0,0,0,0,NA
IL5,,1,0,0,0,0,0,NA
IL5RA,,1,0,0,0,0,0,NA
IL6,,1,0,0,0,0,0,NA
IL6R,,1,0,0,0,0,0,NA
IL6ST,,1,0,0,0,0,0,NA
IL7,,1,0,0,0,0,0,NA
IL7R,,1,0,0,0,0,0,NA
IL9,,1,0,0,0,0,0,NA
IL9R,,1,0,0,0,0,0,NA
ILF3,,1,0,0,0,0,0,0.45900095129584373
ILK,,1,0,0,0,0,0,1.3222288143292058
ILK_LIMS1_LIMS2_LIMS3_LIMS4_PARVA,,1,0,0,0,0,0,NA
IMMT,,1,0,0,0,0,0,0.22100336339756918
INCENP,,1,0,0,0,0,0,NA
INHBA,,1,0,0,0,0,0,NA
INHBB,,1,0,0,0,0,0,NA
INHBC,,1,0,0,0,0,0,NA
INHBE,,1,0,0,0,0,0,NA
INPP5A,,1,0,0,0,0,0,NA
INPP5D,,1,0,0,0,0,0,NA
INPP5J,,1,0,0,0,0,0,NA
INPPL1,,1,0,0,0,0,0,NA
INS,,1,0,0,0,0,0,NA
INSR,,1,0,0,0,0,0,NA
INSRR,,1,0,0,0,0,0,NA
IQGAP1,,1,0,0,0,0,0,1.089133695876257
IRAK1,,1,0,0,0,0,0,NA
IRAK1_IRAK4,,1,0,0,0,0,0,NA
IRAK2,,1,0,0,0,0,0,NA
IRAK3,,1,0,0,0,0,0,NA
IRAK4,,1,0,0,0,0,0,NA
IRF1,,1,0,0,0,0,0,NA
IRF2,,1,0,0,0,0,0,NA
IRF3,,1,0,0,0,0,0,NA
IRF4,,1,0,0,0,0,0,NA
IRF5,,1,0,0,0,0,0,NA
IRF6,,1,0,0,0,0,0,NA
IRF7,,1,0,0,0,0,0,NA
IRF8,,1,0,0,0,0,0,NA
IRF9,,1,0,0,0,0,0,NA
IRF9_STAT1_STAT2,,1,0,0,0,0,0,NA
IRS1,,1,0,0,0,0,0,NA
IRS2,,1,0,0,0,0,0,NA
IRS4,,1,0,0,0,0,0,NA
ISG15,,1,0,0,0,0,0,-0.9747357770240908
ISL1,,1,0,0,0,0,0,NA
ISYNA1,,1,0,0,0,0,0,1.0119366515643442
ITCH,,1,0,0,0,0,0,NA
ITGA1,M,1,0,0,0,1,0,2.2816070512239164
ITGA10,,1,0,0,0,0,0,NA
ITGA11,,1,0,0,0,0,0,NA
ITGA2,,1,0,0,0,0,0,-0.08639737594304109
ITGA2B,,1,0,0,0,0,0,NA
ITGA2B_ITGB3,,1,0,0,0,0,0,NA
ITGA3,,1,0,0,0,0,0,1.39460920756599
ITGA4,,1,0,0,0,0,0,NA
ITGA5,,1,0,0,0,0,0,NA
ITGA6,,1,0,0,0,0,0,NA
ITGA6_ITGB1,,1,0,0,0,0,0,NA
ITGA6_ITGB4,,1,0,0,0,0,0,NA
ITGA7,,1,0,0,0,0,0,NA
ITGA8,,1,0,0,0,0,0,NA
ITGA9,,1,0,0,0,0,0,NA
ITGAD,,1,0,0,0,0,0,NA
ITGAD_ITGB2,,1,0,0,0,0,0,NA
ITGAE,,1,0,0,0,0,0,NA
ITGAL,,1,0,0,0,0,0,NA
ITGAM,,1,0,0,0,0,0,-1.2267924596912954
ITGAV,,1,0,0,0,0,0,-0.7470310664788287
ITGAV_ITGB3,,1,0,0,0,0,0,NA
ITGAX,,1,0,0,0,0,0,NA
ITGB1,,1,0,0,0,0,0,1.7803518360725463
ITGB1BP1,,1,0,0,0,0,0,NA
ITGB2,,1,0,0,0,0,0,-1.4630682831649227
ITGB3,,1,0,0,0,0,0,NA
ITGB4,,1,0,0,0,0,0,NA
ITGB5,,1,0,0,0,0,0,NA
ITGB6,,1,0,0,0,0,0,NA
ITGB7,,1,0,0,0,0,0,NA
ITGB8,,1,0,0,0,0,0,NA
ITK,,1,0,0,0,0,0,NA
ITPR1,,1,0,0,0,0,0,NA
ITPR2,,1,0,0,0,0,0,NA
ITSN1,,1,0,0,0,0,0,NA
JAG1,,1,0,0,0,0,0,NA
JAG2,,1,0,0,0,0,0,NA
JAK1,,1,0,0,0,0,0,NA
JAK2,,1,0,0,0,0,0,NA
JAK3,,1,0,0,0,0,0,NA
JARID2,,1,0,0,0,0,0,NA
JDP2,,1,0,0,0,0,0,NA
JMJD1C,,1,0,0,0,0,0,NA
JMY,,1,0,0,0,0,0,NA
JUN,,1,0,0,0,0,0,NA
JUNB,,1,0,0,0,0,0,NA
JUND,,1,0,0,0,0,0,NA
JUP,,1,0,0,0,0,0,0.7895306079037195
KALRN,,1,0,0,0,0,0,NA
KAT2A,,1,0,0,0,0,0,NA
KAT2B,,1,0,0,0,0,0,NA
KAT5,,1,0,0,0,0,0,NA
KAT6A,,1,0,0,0,0,0,NA
KAT7,,1,0,0,0,0,0,NA
KCNA2,,1,0,0,0,0,0,NA
KCNIP3,,1,0,0,0,0,0,NA
KCNN1,,1,0,0,0,0,0,NA
KCTD10,,1,0,0,0,0,0,NA
KDM1A,,1,0,0,0,0,0,NA
KDM4C,,1,0,0,0,0,0,NA
KDM5B,,1,0,0,0,0,0,NA
KDM5D,,1,0,0,0,0,0,NA
KDR,,1,0,0,0,0,0,NA
KEAP1,,1,0,0,0,0,0,NA
KHDRBS1,,1,0,0,0,0,0,NA
KHDRBS2,,1,0,0,0,0,0,NA
KHSRP,,1,0,0,0,0,0,0.45027229091608145
KIDINS220,,1,0,0,0,0,0,NA
KIF13B,,1,0,0,0,0,0,0.8214595977488368
KIF20A,,1,0,0,0,0,0,NA
KIF23,,1,0,0,0,0,0,NA
KIF3A,,1,0,0,0,0,0,NA
KIF4A,,1,0,0,0,0,0,NA
KIF7,,1,0,0,0,0,0,NA
KIR2DL1,,1,0,0,0,0,0,NA
KIR2DL2,,1,0,0,0,0,0,NA
KIR2DL3,,1,0,0,0,0,0,NA
KIR2DL4,,1,0,0,0,0,0,NA
KIR2DL5A,,1,0,0,0,0,0,NA
KIR2DS4,,1,0,0,0,0,0,NA
KIR3DL1,,1,0,0,0,0,0,NA
KIR3DL2,,1,0,0,0,0,0,NA
KIRREL1,,1,0,0,0,0,0,NA
KIT,,1,0,0,0,0,0,NA
KITLG,,1,0,0,0,0,0,NA
KL,,1,0,0,0,0,0,NA
KLF1,,1,0,0,0,0,0,NA
KLF10,,1,0,0,0,0,0,NA
KLF11,,1,0,0,0,0,0,NA
KLF13,,1,0,0,0,0,0,NA
KLF2,,1,0,0,0,0,0,NA
KLF3,,1,0,0,0,0,0,NA
KLF4,,1,0,0,0,0,0,NA
KLF5,,1,0,0,0,0,0,NA
KLF6,,1,0,0,0,0,0,NA
KLF8,,1,0,0,0,0,0,NA
KLK1,,1,0,0,0,0,0,NA
KLK2,,1,0,0,0,0,0,NA
KLK3,,1,0,0,0,0,0,NA
KLK4,,1,0,0,0,0,0,NA
KLKB1,,1,0,0,0,0,0,NA
KLRC1,,1,0,0,0,0,0,NA
KLRC2,,1,0,0,0,0,0,NA
KLRC3,,1,0,0,0,0,0,NA
KLRC4,,1,0,0,0,0,0,NA
KLRD1,,1,0,0,0,0,0,NA
KLRG1,,1,0,0,0,0,0,NA
KLRK1,,1,0,0,0,0,0,NA
KMT2A,,1,0,0,0,0,0,NA
KMT5A,,1,0,0,0,0,0,NA
KNG1,,1,0,0,0,0,0,1.1745659589475403
KNL1,,1,0,0,0,0,0,NA
KPNA1,,1,0,0,0,0,0,NA
KPNA2,,1,0,0,0,0,0,NA
KPNB1,,1,0,0,0,0,0,-0.9382574171703896
KRAS,,1,0,0,0,0,0,NA
KREMEN1,,1,0,0,0,0,0,NA
KREMEN2,,1,0,0,0,0,0,NA
KRIT1,,1,0,0,0,0,0,NA
KRT1,,1,0,0,0,0,0,NA
KRT14,,1,0,0,0,0,0,NA
KRT18,,1,0,0,0,0,0,NA
KRT19,,1,0,0,0,0,0,NA
KRT5,,1,0,0,0,0,0,NA
KSR1,,1,0,0,0,0,0,NA
KSR2,,1,0,0,0,0,0,NA
L1CAM,,1,0,0,0,0,0,NA
L3MBTL2,,1,0,0,0,0,0,NA
LAMA1,,1,0,0,0,0,0,NA
LAMA2,,1,0,0,0,0,0,NA
LAMA3,,1,0,0,0,0,0,NA
LAMA3_LAMB3_LAMC2,,1,0,0,0,0,0,NA
LAMA4,,1,0,0,0,0,0,0.1445112144771121
LAMA5,M,1,0,0,0,1,0,2.2929715044205436
LAMB1,,1,0,0,0,0,0,0.17314614680066928
LAMB2,,1,0,0,0,0,0,1.5403603480748536
LAMB3,,1,0,0,0,0,0,1.5942446619403652
LAMB4,,1,0,0,0,0,0,NA
LAMC1,,1,0,0,0,0,0,1.7818947295476777
LAMC2,,1,0,0,0,0,0,NA
LAMC3,,1,0,0,0,0,0,NA
LAMTOR5,,1,0,0,0,0,0,NA
LARP1,,1,0,0,0,0,0,-1.2477901506872595
LASP1,M,1,0,0,0,1,0,2.2881767947513048
LAT,,1,0,0,0,0,0,NA
LAT2,,1,0,0,0,0,0,NA
LATS1,,1,0,0,0,0,0,NA
LATS2,,1,0,0,0,0,0,NA
LBP,,1,0,0,0,0,0,NA
LBR,,1,0,0,0,0,0,NA
LCK,,1,0,0,0,0,0,NA
LCN2,,1,0,0,0,0,0,NA
LCP1,,1,0,0,0,0,0,-0.5591798472414267
LCP2,,1,0,0,0,0,0,NA
LDB1,,1,0,0,0,0,0,NA
LDLRAP1,,1,0,0,0,0,0,NA
LEF1,,1,0,0,0,0,0,NA
LEFTY1,,1,0,0,0,0,0,NA
LEP,,1,0,0,0,0,0,NA
LEPR,,1,0,0,0,0,0,NA
leualaarg_c,,1,0,0,0,0,0,NA
LGALS1,,1,0,0,0,0,0,NA
LGALS3,,1,0,0,0,0,0,-0.06464914454179796
LGALS9,,1,0,0,0,0,0,NA
LGI3,,1,0,0,0,0,0,NA
LHB,,1,0,0,0,0,0,NA
LHCGR,,1,0,0,0,0,0,NA
LHX3,,1,0,0,0,0,0,NA
LHX4,,1,0,0,0,0,0,NA
LIF,,1,0,0,0,0,0,NA
LIFR,,1,0,0,0,0,0,NA
LIG1,,1,0,0,0,0,0,NA
LIMK1,,1,0,0,0,0,0,NA
LIMK2,,1,0,0,0,0,0,NA
LIN28A,,1,0,0,0,0,0,NA
LIN7C_PALS1_PATJ,,1,0,0,0,0,0,NA
LIPC,,1,0,0,0,0,0,NA
LIPE,,1,0,0,0,0,0,NA
LIPG,,1,0,0,0,0,0,NA
LITAF,,1,0,0,0,0,0,NA
LMO2,,1,0,0,0,0,0,NA
LMTK2,,1,0,0,0,0,0,NA
LOX,,1,0,0,0,0,0,NA
LPAR2,,1,0,0,0,0,0,NA
LPAR3,,1,0,0,0,0,0,NA
LPAR4,,1,0,0,0,0,0,NA
LPCAT1,,1,0,0,0,0,0,-0.9135686960499523
LPL,,1,0,0,0,0,0,NA
LPP,,1,0,0,0,0,0,1.525189332420337
LRIG1,,1,0,0,0,0,0,NA
LRP1,,1,0,0,0,0,0,-0.5820632049711973
LRP2,,1,0,0,0,0,0,NA
LRP5,,1,0,0,0,0,0,NA
LRP6,,1,0,0,0,0,0,NA
LRP8,,1,0,0,0,0,0,NA
LRPAP1,,1,0,0,0,0,0,NA
LRRFIP1,,1,0,0,0,0,0,0.8304464059453084
LRRK2,,1,0,0,0,0,0,NA
LSP1,,1,0,0,0,0,0,NA
LTA,,1,0,0,0,0,0,NA
LTB4R,,1,0,0,0,0,0,NA
LTBP1,,1,0,0,0,0,0,NA
LTBR,,1,0,0,0,0,0,NA
LTC4S,,1,0,0,0,0,0,NA
LTF,,1,0,0,0,0,0,0.34311901303872605
LTK,,1,0,0,0,0,0,NA
LY96,,1,0,0,0,0,0,NA
LYL1,,1,0,0,0,0,0,NA
LYN,,1,0,0,0,0,0,-1.60966054841539
lysargleu_c,,1,0,0,0,0,0,NA
lystrparg_c,,1,0,0,0,0,0,NA
MACF1,,1,0,0,0,0,0,0.22374318135169188
MACROD1,,1,0,0,0,0,0,NA
MAD1L1,,1,0,0,0,0,0,NA
MAD2L1,,1,0,0,0,0,0,NA
MAD2L1BP,,1,0,0,0,0,0,NA
MAD2L2,,1,0,0,0,0,0,NA
MADCAM1,,1,0,0,0,0,0,NA
MAF,,1,0,0,0,0,0,NA
MAF1,,1,0,0,0,0,0,NA
MAFA,,1,0,0,0,0,0,NA
MAFB,,1,0,0,0,0,0,NA
MAFG,,1,0,0,0,0,0,NA
MAGED1,,1,0,0,0,0,0,NA
MALT1,,1,0,0,0,0,0,NA
MAML1,,1,0,0,0,0,0,NA
MAML2,,1,0,0,0,0,0,NA
MAML3,,1,0,0,0,0,0,NA
MAP1B,,1,0,0,0,0,0,NA
MAP1LC3A,,1,0,0,0,0,0,NA
MAP1LC3B,,1,0,0,0,0,0,NA
MAP1LC3C,,1,0,0,0,0,0,NA
MAP2,,1,0,0,0,0,0,NA
MAP2K1,,1,0,0,0,0,0,-1.7057690146735869
MAP2K2,,1,0,0,0,0,0,NA
MAP2K3,,1,0,0,0,0,0,NA
MAP2K4,,1,0,0,0,0,0,NA
MAP2K5,,1,0,0,0,0,0,NA
MAP2K6,,1,0,0,0,0,0,NA
MAP2K7,,1,0,0,0,0,0,NA
MAP3K1,,1,0,0,0,0,0,NA
MAP3K10,,1,0,0,0,0,0,NA
MAP3K11,,1,0,0,0,0,0,NA
MAP3K12,,1,0,0,0,0,0,NA
MAP3K13,,1,0,0,0,0,0,NA
MAP3K14,,1,0,0,0,0,0,NA
MAP3K2,,1,0,0,0,0,0,NA
MAP3K20,,1,0,0,0,0,0,NA
MAP3K3,,1,0,0,0,0,0,NA
MAP3K4,,1,0,0,0,0,0,NA
MAP3K5,,1,0,0,0,0,0,NA
MAP3K7,,1,0,0,0,0,0,NA
MAP3K7_TAB1,,1,0,0,0,0,0,NA
MAP3K7_TAB2,,1,0,0,0,0,0,NA
MAP3K7_TAB2_TRAF6,,1,0,0,0,0,0,NA
MAP3K7_TAB3,,1,0,0,0,0,0,NA
MAP3K8,,1,0,0,0,0,0,NA
MAP3K9,,1,0,0,0,0,0,NA
MAP4K1,,1,0,0,0,0,0,NA
MAP4K2,,1,0,0,0,0,0,NA
MAP4K3,,1,0,0,0,0,0,NA
MAP4K4,,1,0,0,0,0,0,NA
MAP4K5,,1,0,0,0,0,0,NA
MAPK1,,1,0,0,0,0,0,-0.0905998298816677
MAPK10,,1,0,0,0,0,0,NA
MAPK11,,1,0,0,0,0,0,NA
MAPK12,,1,0,0,0,0,0,NA
MAPK13,,1,0,0,0,0,0,NA
MAPK14,,1,0,0,0,0,0,NA
MAPK15,,1,0,0,0,0,0,NA
MAPK3,,1,0,0,0,0,0,1.6966754574080616
MAPK6,,1,0,0,0,0,0,NA
MAPK7,,1,0,0,0,0,0,NA
MAPK8,,1,0,0,0,0,0,NA
MAPK8IP1,,1,0,0,0,0,0,NA
MAPK8IP2,,1,0,0,0,0,0,NA
MAPK8IP3,,1,0,0,0,0,0,NA
MAPK9,,1,0,0,0,0,0,NA
MAPKAP1,,1,0,0,0,0,0,NA
MAPKAPK2,,1,0,0,0,0,0,NA
MAPKAPK3,,1,0,0,0,0,0,NA
MAPKAPK5,,1,0,0,0,0,0,NA
MAPRE1,,1,0,0,0,0,0,-1.3466964539560131
MARCKS,,1,0,0,0,0,0,1.9908298785672864
MARK1,,1,0,0,0,0,0,NA
MARK2,,1,0,0,0,0,0,NA
MARK3,,1,0,0,0,0,0,NA
MAS1,,1,0,0,0,0,0,NA
MAT2B,,1,0,0,0,0,0,1.4344947926986882
MATK,,1,0,0,0,0,0,-0.23785626969959026
MAVS,,1,0,0,0,0,0,NA
MAX,,0,0,1,-1,0,-1,NA
MAZ,,1,0,0,0,0,0,NA
MBD3,,1,0,0,0,0,0,NA
MBP,,1,0,0,0,0,0,NA
MBTPS1,,1,0,0,0,0,0,NA
MC1R,,1,0,0,0,0,0,NA
MC2R_MRAP,,1,0,0,0,0,0,NA
MC3R,,1,0,0,0,0,0,NA
MC4R,,1,0,0,0,0,0,NA
MC5R,,1,0,0,0,0,0,NA
MCC,,1,0,0,0,0,0,NA
MCF2,,1,0,0,0,0,0,NA
MCF2L,,1,0,0,0,0,0,NA
MCL1,,1,0,0,0,0,0,NA
MCM10,,1,0,0,0,0,0,NA
MCM7,,1,0,0,0,0,0,NA
MCPH1,,1,0,0,0,0,0,NA
MCRIP1,,1,0,0,0,0,0,NA
MDC1,,1,0,0,0,0,0,NA
MDFI,,1,0,0,0,0,0,NA
MDM2,,1,0,0,0,0,0,NA
MDM4,,1,0,0,0,0,0,NA
MECOM,,1,0,0,0,0,0,NA
MECP2,M,1,0,0,0,1,0,2.171486090735389
MED1,,1,0,0,0,0,0,NA
MED12,,1,0,0,0,0,0,NA
MED13L,,1,0,0,0,0,0,NA
MEF2A,,1,0,0,0,0,0,NA
MEF2C,,1,0,0,0,0,0,NA
MEF2D,,1,0,0,0,0,0,NA
MEFV,,1,0,0,0,0,0,NA
MEFV_PYCARD,,1,0,0,0,0,0,NA
MEIS1,,1,0,0,0,0,0,NA
MEIS2,,1,0,0,0,0,0,NA
MELK,,1,0,0,0,0,0,NA
MEN1,,1,0,0,0,0,0,NA
MEOX2,,1,0,0,0,0,0,NA
MET,,1,0,0,0,0,0,NA
Metab__2-Keto-4-methylthiobutyric acid_c,,1,0,0,0,0,0,NA
Metab__2-Oxopropanoic acid_c,,1,0,0,0,0,0,NA
Metab__4-Hydroxy-estradiol_c,,1,0,0,0,0,0,NA
Metab__Acetic acid_c,,1,0,0,0,0,0,NA
Metab__Adenosine_c,,1,0,0,0,0,0,NA
Metab__Ammonia_c,,1,0,0,0,0,0,NA
Metab__Carbon monoxide_c,,1,0,0,0,0,0,NA
Metab__Choline ion_c,,1,0,0,0,0,0,NA
Metab__Dehydroepiandrosterone_c,,1,0,0,0,0,0,NA
Metab__Dinoprost_c,,1,0,0,0,0,0,NA
Metab__Ethanolamine_c,,1,0,0,0,0,0,NA
Metab__Formaldehyde_c,,1,0,0,0,0,0,NA
Metab__Glycine_c,P,0,1,0,1,1,1,NA
Metab__Histamine_c,P,0,1,0,1,1,1,NA
Metab__Histamine_e,,1,0,0,0,0,0,NA
Metab__Histidine_c,,1,0,0,0,0,0,NA
Metab__L-Arginine_c,,1,0,0,0,0,0,NA
Metab__L-Dopa_c,,1,0,0,0,0,0,NA
Metab__L-Tyrosine_c,,1,0,0,0,0,0,NA
Metab__Nitric oxide_c,,1,0,0,0,0,0,NA
Metab__Oxiglutatione_c,,1,0,0,0,0,0,NA
Metab__Pidolic acid_c,,1,0,0,0,0,0,NA
Metab__Prasterone sulfate_c,P,0,1,0,1,1,1,NA
Metab__Prostaglandin D2_c,,1,0,0,0,0,0,NA
Metab__S-Adenosylhomocysteine_c,,1,0,0,0,0,0,NA
Metab__Uric acid_c,,1,0,0,0,0,0,NA
METTL3,,1,0,0,0,0,0,NA
MFGE8,,1,0,0,0,0,0,NA
MFN2,,1,0,0,0,0,0,NA
MGMT,,1,0,0,0,0,0,NA
MGP,,1,0,0,0,0,0,NA
MICB,,1,0,0,0,0,0,NA
MIF,,1,0,0,0,0,0,NA
MINK1,,1,0,0,0,0,0,NA
MIR17HG,,1,0,0,0,0,0,NA
MITF,,1,0,0,0,0,0,NA
MKNK1,,1,0,0,0,0,0,NA
MKNK2,,1,0,0,0,0,0,NA
MLH1,,1,0,0,0,0,0,NA
MLST8,,1,0,0,0,0,0,NA
MME,,1,0,0,0,0,0,NA
MMP1,,1,0,0,0,0,0,NA
MMP11,,1,0,0,0,0,0,NA
MMP12,,1,0,0,0,0,0,NA
MMP13,,1,0,0,0,0,0,NA
MMP14,,1,0,0,0,0,0,NA
MMP2,,1,0,0,0,0,0,NA
MMP3,,1,0,0,0,0,0,NA
MMP7,,1,0,0,0,0,0,NA
MMP8,,1,0,0,0,0,0,NA
MMP9,,1,0,0,0,0,0,NA
MN1,,1,0,0,0,0,0,NA
MNX1,,1,0,0,0,0,0,NA
MOB1A,,1,0,0,0,0,0,-1.2603048071624303
MOB1B,,1,0,0,0,0,0,-1.2603048071624303
MORF4L1,,1,0,0,0,0,0,NA
MOS,,1,0,0,0,0,0,NA
MPL,,1,0,0,0,0,0,NA
MPO,,1,0,0,0,0,0,-0.41032521495010127
MRAS,,1,0,0,0,0,0,NA
MRE11,,1,0,0,0,0,0,NA
MRGPRX1,,1,0,0,0,0,0,NA
MRGPRX2,,1,0,0,0,0,0,NA
MRGPRX3,,1,0,0,0,0,0,NA
MRTFA,,1,0,0,0,0,0,NA
MS4A2,,1,0,0,0,0,0,NA
MSH2,,1,0,0,0,0,0,NA
MSH6,,1,0,0,0,0,0,NA
MSN,,1,0,0,0,0,0,0.7622839357599662
MST1,,1,0,0,0,0,0,NA
MST1R,,1,0,0,0,0,0,NA
MSTN,,1,0,0,0,0,0,NA
MSX2,,1,0,0,0,0,0,NA
MTA1,,1,0,0,0,0,0,NA
MTA3,,1,0,0,0,0,0,NA
MTCP1,,1,0,0,0,0,0,NA
MTDH,,1,0,0,0,0,0,0.10963161000980375
MTG1,,1,0,0,0,0,0,NA
MTNR1A,,1,0,0,0,0,0,NA
MTNR1B,,1,0,0,0,0,0,NA
MTOR,,1,0,0,0,0,0,NA
MTTP,,1,0,0,0,0,0,NA
MUC1,,1,0,0,0,0,0,NA
MUC5AC,,1,0,0,0,0,0,NA
MUSK,,1,0,0,0,0,0,NA
MVD,,1,0,0,0,0,0,NA
MX1,,1,0,0,0,0,0,NA
MXD1,,1,0,0,0,0,0,NA
MXI1,,1,0,0,0,0,0,NA
MYB,,1,0,0,0,0,0,NA
MYBL1,,1,0,0,0,0,0,NA
MYBL2,,1,0,0,0,0,0,NA
MYC,,1,0,0,0,0,0,NA
MYCBP,,1,0,0,0,0,0,NA
MYCBP2,,1,0,0,0,0,0,NA
MYCN,,1,0,0,0,0,0,NA
MYD88,,1,0,0,0,0,0,NA
MYD88_TIRAP,,1,0,0,0,0,0,NA
MYEF2,,1,0,0,0,0,0,NA
MYH11,,1,0,0,0,0,0,1.6940422412215494
MYL10,,1,0,0,0,0,0,NA
MYL12A,,1,0,0,0,0,0,1.6114652496309154
MYL12B,,1,0,0,0,0,0,NA
MYL2,,1,0,0,0,0,0,NA
MYL5,,1,0,0,0,0,0,NA
MYL7,,1,0,0,0,0,0,NA
MYL9,,1,0,0,0,0,0,NA
MYLK,,1,0,0,0,0,0,0.9219093998837542
MYLK2,,1,0,0,0,0,0,NA
MYLK3,,1,0,0,0,0,0,NA
MYLPF,,1,0,0,0,0,0,NA
MYO1E,,1,0,0,0,0,0,-0.03790796549701028
MYO6,,1,0,0,0,0,0,-0.7123114422213989
MYO9A,,1,0,0,0,0,0,NA
MYO9B,,1,0,0,0,0,0,NA
MYOCD,,1,0,0,0,0,0,NA
MYOD1,,1,0,0,0,0,0,NA
MYOD1_TCF3,,1,0,0,0,0,0,NA
MYOG,,1,0,0,0,0,0,NA
MYOM1,,1,0,0,0,0,0,NA
MYOM2,,1,0,0,0,0,0,NA
MYT1,,1,0,0,0,0,0,NA
"NAB2",,1,0,0,0,0,0,NA
"NAIP",,1,0,0,0,0,0,NA
"NANOG",,1,0,0,0,0,0,NA
"NANOS1",,1,0,0,0,0,0,NA
NBN,,1,0,0,0,0,0,NA
NBR1,,1,0,0,0,0,0,NA
NCAM1,,1,0,0,0,0,0,NA
NCBP1,,1,0,0,0,0,0,-1.6404354716592513
NCF1,,1,0,0,0,0,0,-1.0056171597431562
NCF2,,1,0,0,0,0,0,-1.9132860406004542
NCF4,,1,0,0,0,0,0,NA
NCK1,,1,0,0,0,0,0,-0.30303354881002037
NCK2,,1,0,0,0,0,0,NA
NCKAP1,,1,0,0,0,0,0,1.0251250623875419
NCKAP1L,,1,0,0,0,0,0,NA
NCL,,1,0,0,0,0,0,0.6964511927186705
NCOA1,,1,0,0,0,0,0,NA
NCOA2,,1,0,0,0,0,0,NA
NCOA3,,1,0,0,0,0,0,NA
NCOA4,,1,0,0,0,0,0,NA
NCOA6,,1,0,0,0,0,0,NA
NCOR1,,1,0,0,0,0,0,NA
NCOR2,,1,0,0,0,0,0,NA
NCS1,,1,0,0,0,0,0,NA
NCSTN,,1,0,0,0,0,0,NA
NDRG2,,1,0,0,0,0,0,NA
NEB,,1,0,0,0,0,0,NA
NECTIN4,,1,0,0,0,0,0,NA
NEDD4,,1,0,0,0,0,0,NA
NEDD4L,,1,0,0,0,0,0,NA
NEDD8,,1,0,0,0,0,0,NA
NEDD9,,1,0,0,0,0,0,NA
NEK11,,1,0,0,0,0,0,NA
NEK2,,1,0,0,0,0,0,NA
NEK3,,1,0,0,0,0,0,NA
NEK6,,1,0,0,0,0,0,NA
NELFB,,1,0,0,0,0,0,NA
NELFCD,,1,0,0,0,0,0,NA
NET1,,1,0,0,0,0,0,NA
NEUROD1,,1,0,0,0,0,0,NA
NF1,,1,0,0,0,0,0,NA
NF2,,1,0,0,0,0,0,NA
NFAT5,,1,0,0,0,0,0,NA
NFATC1,,1,0,0,0,0,0,NA
NFATC2,,1,0,0,0,0,0,NA
NFATC3,,1,0,0,0,0,0,NA
NFATC4,,1,0,0,0,0,0,NA
NFE2L2,,1,0,0,0,0,0,NA
NFIA,,1,0,0,0,0,0,NA
NFIB,,1,0,0,0,0,0,NA
NFIL3,,1,0,0,0,0,0,NA
NFIX,,1,0,0,0,0,0,NA
NFKB1,,1,0,0,0,0,0,-0.9914067002587125
NFKB1_RELA,,1,0,0,0,0,0,NA
NFKB2,,1,0,0,0,0,0,NA
NFKBIA,,1,0,0,0,0,0,NA
NFKBIB,,1,0,0,0,0,0,NA
NFKBIE,,1,0,0,0,0,0,NA
NFYA,,1,0,0,0,0,0,NA
NFYB,,1,0,0,0,0,0,NA
NFYC,,1,0,0,0,0,0,NA
NGEF,,1,0,0,0,0,0,NA
NGF,,1,0,0,0,0,0,NA
NGFR,,1,0,0,0,0,0,NA
NKX2_1,,1,0,0,0,0,0,NA
NKX2_5,,1,0,0,0,0,0,NA
NKX3_1,,1,0,0,0,0,0,NA
NLGN1,,1,0,0,0,0,0,NA
NLGN2,,1,0,0,0,0,0,NA
NLK,,1,0,0,0,0,0,NA
NLRC4,,1,0,0,0,0,0,NA
NLRP1,,1,0,0,0,0,0,NA
NLRP3,,1,0,0,0,0,0,NA
NLRP3_PYCARD,,1,0,0,0,0,0,NA
NMB,,1,0,0,0,0,0,NA
NMBR,,1,0,0,0,0,0,NA
NME1,M,1,0,0,0,1,0,-2.1004061202500477
NME2,M,1,0,0,0,1,0,-2.275964146343542
NMI,,1,0,0,0,0,0,NA
NOC2L,,1,0,0,0,0,0,NA
NOD1,,1,0,0,0,0,0,NA
NOD2,,1,0,0,0,0,0,NA
NODAL,,1,0,0,0,0,0,NA
NOL3,,1,0,0,0,0,0,NA
NOLC1,,1,0,0,0,0,0,NA
NONO,,1,0,0,0,0,0,-0.11208549667993413
NOS1,,1,0,0,0,0,0,NA
NOS2,,1,0,0,0,0,0,NA
NOS3,,1,0,0,0,0,0,NA
NOTCH1,,1,0,0,0,0,0,NA
NOTCH1_NOTCH2_RBPJ,,1,0,0,0,0,0,NA
NOTCH1_NOTCH3_RBPJ,,1,0,0,0,0,0,NA
NOTCH1_NOTCH4_RBPJ,,1,0,0,0,0,0,NA
NOTCH1_RBPJ,,1,0,0,0,0,0,NA
NOTCH2,,1,0,0,0,0,0,NA
NOTCH3,,1,0,0,0,0,0,NA
NOTCH4,,1,0,0,0,0,0,NA
NOX1,,1,0,0,0,0,0,NA
NOX3,,1,0,0,0,0,0,NA
NOX4,,1,0,0,0,0,0,NA
NOXA1,,1,0,0,0,0,0,NA
NOXO1,,1,0,0,0,0,0,NA
NPAT,,1,0,0,0,0,0,NA
NPHS1,,1,0,0,0,0,0,NA
NPHS2,,1,0,0,0,0,0,NA
NPM1,,1,0,0,0,0,0,NA
NPPA,,1,0,0,0,0,0,NA
NPPB,,1,0,0,0,0,0,NA
NPPC,,1,0,0,0,0,0,NA
NPR2,,1,0,0,0,0,0,NA
NPY,,1,0,0,0,0,0,NA
NPY4R,,1,0,0,0,0,0,NA
NQO1,,1,0,0,0,0,0,NA
NR0B1,,1,0,0,0,0,0,NA
NR0B2,,1,0,0,0,0,0,NA
NR1D1,,1,0,0,0,0,0,NA
NR1H2,,1,0,0,0,0,0,NA
NR1H3,,1,0,0,0,0,0,NA
NR1H4,,1,0,0,0,0,0,NA
NR1I2,,1,0,0,0,0,0,NA
NR1I3,,1,0,0,0,0,0,NA
NR2C2,,1,0,0,0,0,0,NA
NR2F1,,1,0,0,0,0,0,NA
NR2F2,,1,0,0,0,0,0,NA
NR2F6,,1,0,0,0,0,0,NA
NR3C1,,1,0,0,0,0,0,NA
NR3C2,,1,0,0,0,0,0,NA
NR4A1,,1,0,0,0,0,0,NA
NR4A2,,1,0,0,0,0,0,NA
NR4A3,,1,0,0,0,0,0,NA
NR5A1,,1,0,0,0,0,0,NA
NRAS,,1,0,0,0,0,0,NA
NRBF2,,1,0,0,0,0,0,NA
NRF1,,1,0,0,0,0,0,NA
NRG1,,1,0,0,0,0,0,NA
NRIP1,,1,0,0,0,0,0,NA
NRK,,1,0,0,0,0,0,NA
NRP1,,1,0,0,0,0,0,NA
NRP2,,1,0,0,0,0,0,NA
NRXN1,,1,0,0,0,0,0,NA
NRXN2,,1,0,0,0,0,0,NA
NRXN3,,1,0,0,0,0,0,NA
NSA2,,1,0,0,0,0,0,NA
NSF,M,1,0,0,0,1,0,-2.221185690851095
NSFL1C,,1,0,0,0,0,0,0.030369249950914664
NSMAF,,1,0,0,0,0,0,NA
NTF3,,1,0,0,0,0,0,NA
NTRK1,,1,0,0,0,0,0,NA
NTRK2,,1,0,0,0,0,0,NA
NTRK3,,1,0,0,0,0,0,NA
NTS,,1,0,0,0,0,0,NA
NTSR1,,1,0,0,0,0,0,NA
NUAK1,,1,0,0,0,0,0,NA
NUAK2,,1,0,0,0,0,0,NA
NUDT3,,1,0,0,0,0,0,NA
NUDT6,,1,0,0,0,0,0,NA
NUMA1,,1,0,0,0,0,0,0.8275463013055475
NUMB,,1,0,0,0,0,0,NA
NUP153,,1,0,0,0,0,0,NA
NUP155,,1,0,0,0,0,0,NA
NUP188,,1,0,0,0,0,0,NA
NUP205,,1,0,0,0,0,0,0.31520548655789354
NUP210,,1,0,0,0,0,0,NA
NUP214,,1,0,0,0,0,0,NA
NUP35,,1,0,0,0,0,0,NA
NUP42,,1,0,0,0,0,0,NA
NUP43,,1,0,0,0,0,0,NA
NUP50,,1,0,0,0,0,0,NA
NUP62,,1,0,0,0,0,0,NA
NUP85,,1,0,0,0,0,0,NA
NUP88,,1,0,0,0,0,0,NA
NUP93,,1,0,0,0,0,0,-1.9203409186373546
NUP98,,1,0,0,0,0,0,NA
NUPR1,,1,0,0,0,0,0,NA
NUTF2,,1,0,0,0,0,0,NA
nwharg_c,,1,0,0,0,0,0,NA
OBSCN,,1,0,0,0,0,0,NA
ODC1,,1,0,0,0,0,0,NA
OLR1,,1,0,0,0,0,0,NA
ONECUT1,,1,0,0,0,0,0,NA
OPRD1,,1,0,0,0,0,0,NA
OPRK1,,1,0,0,0,0,0,NA
OPRL1,,1,0,0,0,0,0,NA
OPRM1,,1,0,0,0,0,0,NA
OPTN,,1,0,0,0,0,0,NA
ORAI1,,1,0,0,0,0,0,NA
ORC1,,1,0,0,0,0,0,NA
ORM1,,1,0,0,0,0,0,NA
OSM,,1,0,0,0,0,0,NA
OSMR,,1,0,0,0,0,0,NA
OTUD5,,1,0,0,0,0,0,NA
OXSR1,,1,0,0,0,0,0,0.9015009393667114
OXT,,1,0,0,0,0,0,NA
OXTR,,1,0,0,0,0,0,NA
P2RX7,,1,0,0,0,0,0,NA
P4HB,,1,0,0,0,0,0,-1.7338323816341121
PA2G4,,1,0,0,0,0,0,-0.43570203729095985
PAAF1,,1,0,0,0,0,0,NA
PABIR1,,1,0,0,0,0,0,NA
PADI4,,1,0,0,0,0,0,NA
PAFAH1B1,,1,0,0,0,0,0,0.9047803754822794
PAG1,,1,0,0,0,0,0,NA
PAK1,,1,0,0,0,0,0,NA
PAK1IP1,,1,0,0,0,0,0,NA
PAK2,,1,0,0,0,0,0,-0.18032538469196274
PAK3,,1,0,0,0,0,0,NA
PAK4,,1,0,0,0,0,0,NA
PAK5,,1,0,0,0,0,0,NA
PAK6,,1,0,0,0,0,0,NA
PALB2,,1,0,0,0,0,0,NA
PAPPA,,1,0,0,0,0,0,NA
PARD3,,1,0,0,0,0,0,NA
PARD6A,,1,0,0,0,0,0,NA
PARD6B,,1,0,0,0,0,0,NA
PARD6G,,1,0,0,0,0,0,NA
PARK7,,1,0,0,0,0,0,0.6520450197849598
PARN,,1,0,0,0,0,0,NA
PARP1,,1,0,0,0,0,0,-0.3764482976602646
PARVA,,1,0,0,0,0,0,1.4042420638334916
PAX2,,1,0,0,0,0,0,NA
PAX3,,1,0,0,0,0,0,NA
PAX5,,1,0,0,0,0,0,NA
PAX6,,1,0,0,0,0,0,NA
PAX7,,1,0,0,0,0,0,NA
PAX8,,1,0,0,0,0,0,NA
PAXIP1,,1,0,0,0,0,0,NA
PBK,,1,0,0,0,0,0,NA
PBX1,,1,0,0,0,0,0,NA
PBX2,,1,0,0,0,0,0,NA
PCBP2,M,1,0,0,0,1,0,-2.1256506901367906
PCBP3,M,1,0,0,0,1,0,-2.1256506901367906
PCLAF,,1,0,0,0,0,0,NA
PCNA,,1,0,0,0,0,0,NA
PCNT,,1,0,0,0,0,0,NA
PCSK1,,1,0,0,0,0,0,NA
PCSK2,,1,0,0,0,0,0,NA
PCSK6,,1,0,0,0,0,0,NA
PCYT1A,,1,0,0,0,0,0,-1.493458636146655
PDCD1,,1,0,0,0,0,0,NA
PDCD4,,1,0,0,0,0,0,1.3940057666089734
PDCD6,M,1,0,0,0,1,0,-2.0789761471963604
PDCD6IP,,1,0,0,0,0,0,0.9938182277956308
PDE2A,,1,0,0,0,0,0,NA
PDE3A,,1,0,0,0,0,0,NA
PDE3B,,1,0,0,0,0,0,NA
PDE4A,,1,0,0,0,0,0,NA
PDE4B,,1,0,0,0,0,0,NA
PDE4C,,1,0,0,0,0,0,NA
PDE4D,,1,0,0,0,0,0,NA
PDGFA,,1,0,0,0,0,0,NA
PDGFB,,1,0,0,0,0,0,NA
PDGFC,,1,0,0,0,0,0,NA
PDGFD,,1,0,0,0,0,0,NA
PDGFRA,,1,0,0,0,0,0,NA
PDGFRB,,1,0,0,0,0,0,NA
PDHX,,1,0,0,0,0,0,NA
PDK1,,1,0,0,0,0,0,NA
PDP1,,1,0,0,0,0,0,NA
PDPK1,,1,0,0,0,0,0,NA
PDPN,,1,0,0,0,0,0,NA
PDX1,,1,0,0,0,0,0,NA
PEA15,,1,0,0,0,0,0,NA
PEBP1,,1,0,0,0,0,0,0.8471715400039806
PECAM1,,1,0,0,0,0,0,0.6930390233265262
PELI1,,1,0,0,0,0,0,NA
PELI3,,1,0,0,0,0,0,NA
PELP1,,1,0,0,0,0,0,NA
PENK,,1,0,0,0,0,0,NA
PER1,,1,0,0,0,0,0,NA
PER2,,1,0,0,0,0,0,NA
PER3,,1,0,0,0,0,0,NA
PERP,,1,0,0,0,0,0,NA
PEX5,,1,0,0,0,0,0,NA
PF4,,1,0,0,0,0,0,NA
PFN1,,1,0,0,0,0,0,NA
PFN3,,1,0,0,0,0,0,NA
PGF,,1,0,0,0,0,0,NA
PGR,,1,0,0,0,0,0,NA
PHB,,1,0,0,0,0,0,-1.628966056182749
PHB2,M,0,0,1,-1,1,-1,-2.2269182410099186
PHGDH,,1,0,0,0,0,0,NA
PHLPP1,,1,0,0,0,0,0,NA
PI3,,1,0,0,0,0,0,NA
PI4KA,,1,0,0,0,0,0,NA
PIAS1,,1,0,0,0,0,0,NA
PIAS2,,1,0,0,0,0,0,NA
PIAS3,,1,0,0,0,0,0,NA
PIAS4,,1,0,0,0,0,0,NA
PICALM,,1,0,0,0,0,0,-1.8361715321329135
PIDD1,,1,0,0,0,0,0,NA
PIH1D1,,1,0,0,0,0,0,NA
PIK3AP1,,1,0,0,0,0,0,NA
PIK3C2G,,1,0,0,0,0,0,NA
PIK3C3,,1,0,0,0,0,0,-0.002877155093861627
PIK3CA,,1,0,0,0,0,0,NA
PIK3CA_PIK3R1,,1,0,0,0,0,0,NA
PIK3CB,,1,0,0,0,0,0,NA
PIK3CD,,1,0,0,0,0,0,NA
PIK3CG,,1,0,0,0,0,0,NA
PIK3IP1,,1,0,0,0,0,0,NA
PIK3R1,,1,0,0,0,0,0,NA
PIK3R2,,1,0,0,0,0,0,NA
PIK3R3,,1,0,0,0,0,0,NA
PIK3R4,,1,0,0,0,0,0,NA
PIK3R5,,1,0,0,0,0,0,NA
PIKFYVE,,1,0,0,0,0,0,NA
PIM1,,1,0,0,0,0,0,NA
PIM2,,1,0,0,0,0,0,NA
PIMREG,,1,0,0,0,0,0,NA
PIN1,,1,0,0,0,0,0,NA
PIN4,,1,0,0,0,0,0,NA
PINK1,,1,0,0,0,0,0,NA
PIP4K2A,,1,0,0,0,0,0,-0.254969232495975
PIP4K2B,,1,0,0,0,0,0,NA
PIP4K2C,,1,0,0,0,0,0,NA
PIP5K1A,,1,0,0,0,0,0,NA
PIP5K1B,,1,0,0,0,0,0,NA
PIP5K1C,,1,0,0,0,0,0,NA
PITRM1,,1,0,0,0,0,0,-1.9926410479871852
PITX1,,1,0,0,0,0,0,NA
PITX2,,1,0,0,0,0,0,NA
PJA1,,1,0,0,0,0,0,NA
PKD1,,1,0,0,0,0,0,NA
PKD2,,1,0,0,0,0,0,NA
PKIA,,1,0,0,0,0,0,NA
PKM,,1,0,0,0,0,0,-0.3209272958735434
PKMYT1,,1,0,0,0,0,0,NA
PKN1,,1,0,0,0,0,0,NA
PKN2,,1,0,0,0,0,0,NA
PKNOX1,,1,0,0,0,0,0,NA
PLA2G1B,,1,0,0,0,0,0,NA
PLA2G4A,,1,0,0,0,0,0,NA
PLA2G6,,1,0,0,0,0,0,NA
PLAAT4,,1,0,0,0,0,0,NA
PLAGL2,,1,0,0,0,0,0,NA
PLAT,,1,0,0,0,0,0,NA
PLAU,,1,0,0,0,0,0,NA
PLAUR,,1,0,0,0,0,0,NA
PLCB1,,1,0,0,0,0,0,NA
PLCB2,,1,0,0,0,0,0,NA
PLCB3,,1,0,0,0,0,0,0.10355563168330707
PLCB4,,1,0,0,0,0,0,NA
PLCE1,,1,0,0,0,0,0,NA
PLCG1,,1,0,0,0,0,0,NA
PLCG2,,1,0,0,0,0,0,NA
PLD1,,1,0,0,0,0,0,NA
PLD2,,1,0,0,0,0,0,NA
PLEKHG6,,1,0,0,0,0,0,NA
PLEKHO1,,1,0,0,0,0,0,NA
PLG,,1,0,0,0,0,0,0.9087479805604848
PLK1,,0,1,0,1,0,1,NA
PLK2,,1,0,0,0,0,0,NA
PLK3,,1,0,0,0,0,0,NA
PLK4,,1,0,0,0,0,0,NA
PLN,,1,0,0,0,0,0,NA
PLP1,,1,0,0,0,0,0,NA
PLPP3,,1,0,0,0,0,0,NA
PLPPR4,,1,0,0,0,0,0,NA
PLTP,,1,0,0,0,0,0,0.5353151738323322
PLXNA1,,1,0,0,0,0,0,NA
PMAIP1,,1,0,0,0,0,0,NA
PMEL,,1,0,0,0,0,0,NA
PMEPA1,,1,0,0,0,0,0,NA
PML,,1,0,0,0,0,0,-0.4357029075960693
PMPCB,,1,0,0,0,0,0,-0.3817137539985635
PMS2,,1,0,0,0,0,0,NA
PNCK,,1,0,0,0,0,0,NA
POLD1,,1,0,0,0,0,0,NA
POLD2,,1,0,0,0,0,0,NA
POLD3,,1,0,0,0,0,0,NA
POLD4,,1,0,0,0,0,0,NA
POLE,,1,0,0,0,0,0,NA
POLE2,,1,0,0,0,0,0,NA
POLR2A,,1,0,0,0,0,0,-1.2224653621137123
POLR2B,,1,0,0,0,0,0,-1.6437261156945113
POLR2C,,1,0,0,0,0,0,NA
POLR2D,,1,0,0,0,0,0,NA
POLR2E,,1,0,0,0,0,0,NA
POLR2F,,1,0,0,0,0,0,NA
POLR2G,,1,0,0,0,0,0,NA
POLR2H,,1,0,0,0,0,0,-0.13481524236139505
POLR2I,,1,0,0,0,0,0,NA
POLR2J,,1,0,0,0,0,0,NA
POLR2K,,1,0,0,0,0,0,NA
POLR2L,,1,0,0,0,0,0,NA
POM121,,1,0,0,0,0,0,NA
POMC,,1,0,0,0,0,0,NA
POMP,,1,0,0,0,0,0,NA
PON1,,1,0,0,0,0,0,0.9396340293941331
POU1F1,,1,0,0,0,0,0,NA
POU2F1,,1,0,0,0,0,0,NA
POU4F1,,1,0,0,0,0,0,NA
POU4F3,,1,0,0,0,0,0,NA
POU5F1,,1,0,0,0,0,0,NA
PPA1,,1,0,0,0,0,0,0.8156758734878872
PPARA,,1,0,0,0,0,0,NA
PPARD,,1,0,0,0,0,0,NA
PPARG,,1,0,0,0,0,0,NA
PPARGC1A,,1,0,0,0,0,0,NA
PPBP,,1,0,0,0,0,0,NA
PPIA,,1,0,0,0,0,0,-0.9751996646204231
PPID,,1,0,0,0,0,0,NA
PPM1A,,1,0,0,0,0,0,NA
PPM1D,,1,0,0,0,0,0,NA
PPM1G,,1,0,0,0,0,0,NA
PPME1,,1,0,0,0,0,0,NA
PPP1CA,,1,0,0,0,0,0,-0.04909124522348633
PPP1CB,,1,0,0,0,0,0,0.4615769282221959
PPP1CC,,1,0,0,0,0,0,NA
PPP1R12A,M,1,0,0,0,1,0,2.04373592402708
PPP1R12B,,1,0,0,0,0,0,NA
PPP1R13B,,1,0,0,0,0,0,NA
PPP1R13L,,1,0,0,0,0,0,NA
PPP1R14A,,1,0,0,0,0,0,NA
PPP1R14B,,1,0,0,0,0,0,NA
PPP1R15A,,1,0,0,0,0,0,NA
PPP1R1A,,1,0,0,0,0,0,NA
PPP1R1B,,1,0,0,0,0,0,NA
PPP1R2,,1,0,0,0,0,0,NA
PPP1R3A,,1,0,0,0,0,0,NA
PPP1R8,,1,0,0,0,0,0,NA
PPP1R9B,,1,0,0,0,0,0,-0.13040690495950055
PPP2CA,,0,0,1,-1,0,-1,1.685928481550805
PPP2CB,,1,0,0,0,0,0,1.685928481550805
PPP2R1A,,1,0,0,0,0,0,-0.20309242491837712
PPP2R1B,,1,0,0,0,0,0,NA
PPP2R2A,,1,0,0,0,0,0,-0.1942088159783142
PPP2R5A,,1,0,0,0,0,0,1.151467726892306
PPP2R5C,,1,0,0,0,0,0,NA
PPP2R5D,,1,0,0,0,0,0,-0.8127306282371579
PPP3CA,,1,0,0,0,0,0,0.0038656606696996446
PPP3CA_PPP3R1,,1,0,0,0,0,0,NA
PPP3CB,,1,0,0,0,0,0,NA
PPP3CC,,1,0,0,0,0,0,NA
PPP3R1,,1,0,0,0,0,0,NA
PPP3R2,,1,0,0,0,0,0,NA
PPP4C,,1,0,0,0,0,0,NA
PPP5C,,1,0,0,0,0,0,-0.1290237024025131
PPY,,1,0,0,0,0,0,NA
PRC1,,1,0,0,0,0,0,NA
PRDM1,,1,0,0,0,0,0,NA
PRDX1,,1,0,0,0,0,0,-0.40357415309298916
PRDX3,,1,0,0,0,0,0,NA
PRDX6,,1,0,0,0,0,0,-0.3180783690987692
PREX1,,1,0,0,0,0,0,NA
PRF1,,1,0,0,0,0,0,NA
PRKAA1,,1,0,0,0,0,0,-1.1260931387927258
PRKAA1_PRKAA2_PRKAB1_PRKAB2_PRKAG1_PRKAG2_PRKAG3,,1,0,0,0,0,0,NA
PRKAA2,,1,0,0,0,0,0,-1.1260931387927258
PRKAB1,,1,0,0,0,0,0,NA
PRKACA,,1,0,0,0,0,0,-1.616963021287383
PRKACB,,1,0,0,0,0,0,-0.23029134830781464
PRKACG,,1,0,0,0,0,0,NA
PRKAG1,,1,0,0,0,0,0,-1.8781883402529571
PRKAR1A,,1,0,0,0,0,0,-1.4137254179090935
PRKAR1B,,1,0,0,0,0,0,-1.4137254179090935
PRKAR2A,,1,0,0,0,0,0,0.3001883765586632
PRKAR2B,,1,0,0,0,0,0,NA
PRKCA,,1,0,0,0,0,0,NA
PRKCB,,1,0,0,0,0,0,NA
PRKCD,,0,1,0,1,0,1,-0.40867060527601823
PRKCE,,1,0,0,0,0,0,NA
PRKCG,,1,0,0,0,0,0,NA
PRKCI,,1,0,0,0,0,0,NA
PRKCQ,,1,0,0,0,0,0,-0.40867060527601823
PRKCZ,,1,0,0,0,0,0,NA
PRKD1,,1,0,0,0,0,0,NA
PRKD2,,1,0,0,0,0,0,NA
PRKD3,,1,0,0,0,0,0,NA
PRKDC,M,0,0,1,-1,1,-1,-2.0419901711319906
PRKG1,,1,0,0,0,0,0,NA
PRKN,,1,0,0,0,0,0,NA
PRKX,,1,0,0,0,0,0,NA
PRL,,1,0,0,0,0,0,NA
PRLH,,1,0,0,0,0,0,NA
PRLHR,,1,0,0,0,0,0,NA
PRLR,,1,0,0,0,0,0,NA
PRMT1,,1,0,0,0,0,0,-1.6617827775940706
PRMT5,,1,0,0,0,0,0,0.32170377128580746
PRMT6,,1,0,0,0,0,0,NA
PRNP,,1,0,0,0,0,0,NA
PROC,,1,0,0,0,0,0,NA
PROCR,,1,0,0,0,0,0,NA
PROK2,,1,0,0,0,0,0,NA
PROKR1,,1,0,0,0,0,0,NA
PROS1,,1,0,0,0,0,0,NA
PROX1,,1,0,0,0,0,0,NA
PRR5,,1,0,0,0,0,0,NA
PRRX1,,1,0,0,0,0,0,NA
PRTN3,,1,0,0,0,0,0,NA
PSEN1,,1,0,0,0,0,0,NA
PSEN2,,1,0,0,0,0,0,NA
PSENEN,,1,0,0,0,0,0,NA
PSIP1,M,1,0,0,0,1,0,2.3284559072185895
PSMA1,,1,0,0,0,0,0,0.2887248336474173
PSMA2,,1,0,0,0,0,0,-1.4286446785862252
PSMA3,,1,0,0,0,0,0,-1.3208849463511405
PSMA4,,1,0,0,0,0,0,-0.18121884923600473
PSMA5,,1,0,0,0,0,0,-1.7465227815164595
PSMA6,,1,0,0,0,0,0,-0.7779363511457755
PSMA7,,1,0,0,0,0,0,-1.633490718447383
PSMA8,,1,0,0,0,0,0,-1.633490718447383
PSMB1,,1,0,0,0,0,0,-1.3663520828184177
PSMB10,,1,0,0,0,0,0,-0.019489137427172672
PSMB11,,1,0,0,0,0,0,NA
PSMB2,,1,0,0,0,0,0,NA
PSMB3,,1,0,0,0,0,0,-0.6167594947978874
PSMB4,,1,0,0,0,0,0,-1.1042596884310758
PSMB5,,1,0,0,0,0,0,-0.7329851704112881
PSMB6,,1,0,0,0,0,0,NA
PSMB7,,1,0,0,0,0,0,NA
PSMB8,,1,0,0,0,0,0,-0.49438969387136245
PSMB9,,1,0,0,0,0,0,-0.13710504394162426
PSMC1,,1,0,0,0,0,0,0.39024701976542625
PSMC2,,1,0,0,0,0,0,-1.0545060962945902
PSMC3,,1,0,0,0,0,0,-1.356600229008811
PSMC4,,1,0,0,0,0,0,-1.0590043632457182
PSMC5,,1,0,0,0,0,0,-1.6911692422352784
PSMC6,,1,0,0,0,0,0,-0.7106722323747423
PSMD1,,1,0,0,0,0,0,-1.6424966300463306
PSMD10,,1,0,0,0,0,0,NA
PSMD11,,1,0,0,0,0,0,-1.6584149706211657
PSMD12,,1,0,0,0,0,0,-0.994490751020599
PSMD13,M,1,0,0,0,1,0,-2.0561379948784766
PSMD14,,1,0,0,0,0,0,NA
PSMD2,,1,0,0,0,0,0,-1.229807286601897
PSMD3,M,1,0,0,0,1,0,-2.4340648316505837
PSMD4,,1,0,0,0,0,0,-1.0018152195578918
PSMD5,,1,0,0,0,0,0,-0.3760708971972269
PSMD6,M,1,0,0,0,1,0,-2.5302684936905915
PSMD7,,1,0,0,0,0,0,-0.390641047269978
PSMD8,,1,0,0,0,0,0,-1.746648345653197
PSMD9,,1,0,0,0,0,0,NA
PSME1,,1,0,0,0,0,0,0.4362262013735588
PSME2,,1,0,0,0,0,0,NA
PSME3,M,1,0,0,0,1,0,-2.075895602927786
PSME4,,1,0,0,0,0,0,NA
PSMF1,,1,0,0,0,0,0,0.2429182235734075
PSTPIP1,,1,0,0,0,0,0,NA
PTAFR,,1,0,0,0,0,0,NA
PTBP1,,1,0,0,0,0,0,NA
PTBP2,,1,0,0,0,0,0,NA
PTCH1,,1,0,0,0,0,0,NA
PTCH2,,1,0,0,0,0,0,NA
PTCRA,,1,0,0,0,0,0,NA
PTEN,,1,0,0,0,0,0,NA
PTGDR,,1,0,0,0,0,0,NA
PTGDS,,1,0,0,0,0,0,NA
PTGER1,,1,0,0,0,0,0,NA
PTGER2,,1,0,0,0,0,0,NA
PTGES3,,1,0,0,0,0,0,NA
PTGFR,,1,0,0,0,0,0,NA
PTGIR,,1,0,0,0,0,0,NA
PTGS1,,1,0,0,0,0,0,NA
PTGS2,,1,0,0,0,0,0,NA
PTH,,1,0,0,0,0,0,NA
PTH1R,,1,0,0,0,0,0,NA
PTHLH,,1,0,0,0,0,0,NA
PTK2,,1,0,0,0,0,0,-0.9879412826910345
PTK2B,,1,0,0,0,0,0,NA
PTK6,,1,0,0,0,0,0,NA
PTMA,,1,0,0,0,0,0,NA
PTN,,1,0,0,0,0,0,NA
PTP4A1,,1,0,0,0,0,0,NA
PTPA,,1,0,0,0,0,0,0.5599703388731805
PTPN1,,1,0,0,0,0,0,-0.695996669259521
PTPN11,,1,0,0,0,0,0,-0.03167259872205801
PTPN12,,1,0,0,0,0,0,NA
PTPN13,,1,0,0,0,0,0,NA
PTPN2,,1,0,0,0,0,0,NA
PTPN22,,1,0,0,0,0,0,NA
PTPN5,,1,0,0,0,0,0,NA
PTPN6,,1,0,0,0,0,0,-1.154974616700335
PTPN7,,1,0,0,0,0,0,NA
PTPRA,,1,0,0,0,0,0,NA
PTPRB,,1,0,0,0,0,0,NA
PTPRC,,1,0,0,0,0,0,-1.0966965831580326
PTPRF,,1,0,0,0,0,0,NA
PTPRH,,1,0,0,0,0,0,NA
PTPRJ,,1,0,0,0,0,0,NA
PTPRK,,1,0,0,0,0,0,NA
PTPRO,,1,0,0,0,0,0,NA
PTPRR,,1,0,0,0,0,0,NA
PTPRU,,1,0,0,0,0,0,NA
PTPRZ1,,1,0,0,0,0,0,NA
PTTG1,,1,0,0,0,0,0,NA
PTTG2,,1,0,0,0,0,0,NA
PTX3,,1,0,0,0,0,0,NA
PURA,,1,0,0,0,0,0,0.6884157785856555
PXN,,1,0,0,0,0,0,NA
PYCARD,,1,0,0,0,0,0,-0.5112020140057548
PYY,,1,0,0,0,0,0,NA
PZP,,1,0,0,0,0,0,NA
RAB1A,,1,0,0,0,0,0,NA
RAB3A,,1,0,0,0,0,0,NA
RAB3GAP1,,1,0,0,0,0,0,NA
RAB5A,,1,0,0,0,0,0,-0.6156723217414181
RAB5B,,1,0,0,0,0,0,-0.1251368441768813
RAB7A,,1,0,0,0,0,0,-1.2988994662549471
RAB8A,,1,0,0,0,0,0,-0.45050938653452755
RABEP1,,1,0,0,0,0,0,NA
RABGGTA,,1,0,0,0,0,0,NA
RAC1,,1,0,0,0,0,0,0.3631803178799885
RAC2,,1,0,0,0,0,0,NA
RAC3,,1,0,0,0,0,0,NA
RACGAP1,,1,0,0,0,0,0,NA
RACK1,M,1,0,0,0,1,0,-2.3986398600120427
RAD1,,1,0,0,0,0,0,NA
RAD17,,1,0,0,0,0,0,NA
RAD21,,1,0,0,0,0,0,NA
RAD23A,,1,0,0,0,0,0,NA
RAD23B,,1,0,0,0,0,0,-0.1588351846492636
RAD50,,1,0,0,0,0,0,0.1429778345782627
RAD9A,,1,0,0,0,0,0,NA
RAE1,,1,0,0,0,0,0,NA
RAF1,,1,0,0,0,0,0,NA
RAG1,,1,0,0,0,0,0,NA
RAG2,,1,0,0,0,0,0,NA
RALB,,1,0,0,0,0,0,1.5816585984372098
RALBP1,,1,0,0,0,0,0,NA
RALGDS,,1,0,0,0,0,0,NA
RAN,,1,0,0,0,0,0,-0.6580745724510084
RANBP1,,1,0,0,0,0,0,-0.3176633700174857
RANBP10,,1,0,0,0,0,0,NA
RANBP2,,1,0,0,0,0,0,-1.6126882507523257
RANBP3,,1,0,0,0,0,0,0.8430442115449591
RANBP9,,1,0,0,0,0,0,NA
RANGAP1,,1,0,0,0,0,0,-1.4103955688781025
RAP1A,,1,0,0,0,0,0,NA
RAP1B,,1,0,0,0,0,0,1.8207257992291666
RAP1GAP,,1,0,0,0,0,0,NA
RAP2A,,1,0,0,0,0,0,NA
RAP2B,,1,0,0,0,0,0,-0.6713031362180438
RAPGEF1,,1,0,0,0,0,0,NA
RAPGEF2,,1,0,0,0,0,0,NA
RAPGEF3,,1,0,0,0,0,0,NA
RAPGEF4,,1,0,0,0,0,0,NA
RAPGEF5,,1,0,0,0,0,0,NA
RARA,,1,0,0,0,0,0,NA
RARB,,1,0,0,0,0,0,NA
RARG,,1,0,0,0,0,0,NA
RASA1,,1,0,0,0,0,0,0.4469856230806034
RASA2,,1,0,0,0,0,0,NA
RASD1,,1,0,0,0,0,0,NA
RASGEF1B,,1,0,0,0,0,0,NA
RASGRF1,,1,0,0,0,0,0,NA
RASGRF2,,1,0,0,0,0,0,NA
RASGRP1,,1,0,0,0,0,0,NA
RASGRP2,,1,0,0,0,0,0,NA
RASGRP3,,1,0,0,0,0,0,NA
RASSF1,,1,0,0,0,0,0,NA
RASSF1_RASSF5,,1,0,0,0,0,0,NA
RASSF5,,1,0,0,0,0,0,NA
RB1,,1,0,0,0,0,0,NA
RB1CC1,,1,0,0,0,0,0,NA
RBBP4,,1,0,0,0,0,0,-0.14205129858289098
RBBP5,,1,0,0,0,0,0,NA
RBBP7,,1,0,0,0,0,0,NA
RBBP8,,1,0,0,0,0,0,NA
RBFOX2,,1,0,0,0,0,0,NA
RBL1,,1,0,0,0,0,0,NA
RBL2,,1,0,0,0,0,0,NA
RBM39,,1,0,0,0,0,0,-0.41023288308336187
RBP1,,1,0,0,0,0,0,NA
RBPJ,,1,0,0,0,0,0,NA
RBPJL,,1,0,0,0,0,0,NA
RBSN,,1,0,0,0,0,0,NA
RBX1,,1,0,0,0,0,0,NA
RCAN1,,1,0,0,0,0,0,NA
RCC1,,1,0,0,0,0,0,0.6082054057667728
RCHY1,,1,0,0,0,0,0,NA
RCOR1,,1,0,0,0,0,0,NA
RDX,M,1,0,0,0,1,0,2.456396895785394
RECK,,1,0,0,0,0,0,NA
RECQL4,,1,0,0,0,0,0,NA
RELA,,1,0,0,0,0,0,NA
RELB,,1,0,0,0,0,0,NA
REN,,1,0,0,0,0,0,NA
REPS2,,1,0,0,0,0,0,NA
RET,,1,0,0,0,0,0,NA
RETN,,1,0,0,0,0,0,NA
RFX5,,1,0,0,0,0,0,NA
RGS13,,1,0,0,0,0,0,NA
RGS16,,1,0,0,0,0,0,NA
RGS19,,1,0,0,0,0,0,NA
RGS6,,1,0,0,0,0,0,NA
RHEB,,1,0,0,0,0,0,-1.9923189321698007
RHO,,1,0,0,0,0,0,NA
RHOA,,1,0,0,0,0,0,0.8212200326859199
RHOB,,1,0,0,0,0,0,NA
RHOC,,1,0,0,0,0,0,NA
RHOD,,1,0,0,0,0,0,NA
RHOG,,1,0,0,0,0,0,-0.4267503823211694
RHOQ,,1,0,0,0,0,0,-0.05085917835478453
RHOU,,1,0,0,0,0,0,NA
RICTOR,,1,0,0,0,0,0,NA
RIMS1,,1,0,0,0,0,0,NA
RIN1,,1,0,0,0,0,0,NA
RIN2,,1,0,0,0,0,0,NA
RIPK1,,1,0,0,0,0,0,NA
RIPK1_TRADD_TRAF2,,1,0,0,0,0,0,NA
RIPK1_TRADD_TRAF5,,1,0,0,0,0,0,NA
RIPK2,,1,0,0,0,0,0,NA
RIPK3,,1,0,0,0,0,0,NA
RIT1,,1,0,0,0,0,0,NA
RIT2,,1,0,0,0,0,0,NA
RMI1,,1,0,0,0,0,0,NA
RNASE1,,1,0,0,0,0,0,NA
RNASE2,,1,0,0,0,0,0,NA
RNASE3,,1,0,0,0,0,0,NA
RND3,,1,0,0,0,0,0,NA
RNF11,,1,0,0,0,0,0,NA
RNF111,,1,0,0,0,0,0,NA
RNF125,,1,0,0,0,0,0,NA
RNF128,,1,0,0,0,0,0,NA
RNF14,,1,0,0,0,0,0,NA
RNF168,,1,0,0,0,0,0,NA
RNF2,,1,0,0,0,0,0,NA
RNF4,,1,0,0,0,0,0,NA
RNF41,,1,0,0,0,0,0,NA
RNF43,,1,0,0,0,0,0,NA
RNF8,,1,0,0,0,0,0,NA
ROBO1,,1,0,0,0,0,0,NA
ROCK1,,0,1,0,1,0,1,1.4390948559881815
ROCK2,M,0,1,0,1,1,1,2.141010728840942
ROR1,,1,0,0,0,0,0,NA
ROR2,,1,0,0,0,0,0,NA
RORA,,1,0,0,0,0,0,NA
RORC,,1,0,0,0,0,0,NA
ROS1,,1,0,0,0,0,0,NA
RPA1,,1,0,0,0,0,0,-0.7856672752057836
RPA2,,1,0,0,0,0,0,NA
RPA3,,1,0,0,0,0,0,NA
RPA4,,1,0,0,0,0,0,NA
RPH3A,,1,0,0,0,0,0,NA
RPL10,M,1,0,0,0,1,0,-2.1005454829007117
RPL11,M,0,0,1,-1,1,-1,-2.482440946373438
RPL22,,1,0,0,0,0,0,-0.6487626597795848
RPL23,M,1,0,0,0,1,0,-2.1407164560668837
RPL3,M,1,0,0,0,1,0,-2.276580143724891
RPRD1B,,1,0,0,0,0,0,-0.5386884011086794
RPS2,M,0,0,1,-1,1,-1,-2.2172484490623274
RPS23,M,0,0,1,-1,1,-1,-2.3986700893726085
RPS27A,,1,0,0,0,0,0,1.1183604978046973
RPS3,,1,0,0,0,0,0,-1.9660655310649573
RPS4X,M,1,0,0,0,1,0,-2.115578351281097
RPS6KA1,,1,0,0,0,0,0,-0.09168068614747948
RPS6KA2,,1,0,0,0,0,0,NA
RPS6KA3,,1,0,0,0,0,0,-0.6265001268183159
RPS6KA4,,1,0,0,0,0,0,NA
RPS6KA5,,1,0,0,0,0,0,NA
RPS6KA6,,1,0,0,0,0,0,NA
RPS6KB1,,0,0,1,-1,0,-1,NA
RPS6KB2,,1,0,0,0,0,0,NA
RPS8,M,0,0,1,-1,1,-1,-2.211261428697953
RPSA,,1,0,0,0,0,0,-1.6898550801302217
RPTOR,,1,0,0,0,0,0,NA
RRAS,,1,0,0,0,0,0,2.021448702260576
RRAS2,,1,0,0,0,0,0,NA
RRM2,,1,0,0,0,0,0,NA
RTN3,,1,0,0,0,0,0,NA
RUNX1,,1,0,0,0,0,0,NA
RUNX1T1,,1,0,0,0,0,0,NA
RUNX2,,1,0,0,0,0,0,NA
RUNX3,,1,0,0,0,0,0,NA
RUVBL1,,1,0,0,0,0,0,-0.7279443436514419
RUVBL2,,1,0,0,0,0,0,-0.5977719857925229
RXRA,,1,0,0,0,0,0,NA
RXRB,,1,0,0,0,0,0,NA
RXRG,,1,0,0,0,0,0,NA
RYK,,1,0,0,0,0,0,NA
S100A10,,1,0,0,0,0,0,2.0356780752402424
S100A2,,1,0,0,0,0,0,NA
S100A4,,1,0,0,0,0,0,1.6464154229892305
S100A9,,1,0,0,0,0,0,NA
S100B,,1,0,0,0,0,0,NA
S1PR1,,1,0,0,0,0,0,NA
SAA1,,1,0,0,0,0,0,NA
SALL4,,1,0,0,0,0,0,NA
SAP18,,1,0,0,0,0,0,NA
SARS1,,1,0,0,0,0,0,0.1074992593750772
SATB1,,1,0,0,0,0,0,NA
SCAF11,,1,0,0,0,0,0,NA
SCAP,,1,0,0,0,0,0,NA
SCARB1,,1,0,0,0,0,0,NA
SCGB1A1,,1,0,0,0,0,0,NA
SCO2,,1,0,0,0,0,0,NA
SCT,,1,0,0,0,0,0,NA
SCYL1,,1,0,0,0,0,0,NA
SDC1,,1,0,0,0,0,0,NA
SDC2,,1,0,0,0,0,0,NA
SDC3,,1,0,0,0,0,0,NA
SDC4,,1,0,0,0,0,0,NA
SEC63,,1,0,0,0,0,0,-1.4246607210735096
SEH1L,,1,0,0,0,0,0,NA
SEL1L,M,0,0,1,-1,1,-1,-2.0846175498339736
SELE,,1,0,0,0,0,0,NA
SELL,,1,0,0,0,0,0,NA
SELPLG,,1,0,0,0,0,0,NA
SEM1,,1,0,0,0,0,0,NA
SEMA3A,,1,0,0,0,0,0,NA
SEMA3F,,1,0,0,0,0,0,NA
SENP1,,1,0,0,0,0,0,NA
serargala_c,,1,0,0,0,0,0,NA
SERPINA1,,1,0,0,0,0,0,0.03188324933853984
SERPINA3,,1,0,0,0,0,0,1.236432695492045
SERPINA5,,1,0,0,0,0,0,NA
SERPINB2,,1,0,0,0,0,0,NA
SERPINB5,,1,0,0,0,0,0,NA
SERPINC1,,0,0,1,-1,0,-1,NA
SERPIND1,,1,0,0,0,0,0,0.8298145827166566
SERPINE1,,1,0,0,0,0,0,NA
SERPINF1,,1,0,0,0,0,0,NA
SERTAD1,,1,0,0,0,0,0,NA
SET,,1,0,0,0,0,0,-0.08486437221920601
SETDB2,,1,0,0,0,0,0,NA
SF1,,1,0,0,0,0,0,0.23088397788662804
SFN,,1,0,0,0,0,0,-0.6537984407227889
SFPQ,,1,0,0,0,0,0,-0.33495035150297386
SFRP1,,1,0,0,0,0,0,NA
SFRP2,,1,0,0,0,0,0,NA
SFRP4,,1,0,0,0,0,0,NA
SFTPA1,,1,0,0,0,0,0,NA
SFTPA2,,1,0,0,0,0,0,NA
SFTPC,,1,0,0,0,0,0,NA
SGK1,,1,0,0,0,0,0,NA
SGK2,,1,0,0,0,0,0,NA
SGK3,,1,0,0,0,0,0,NA
SH2B1,,1,0,0,0,0,0,NA
SH2B2,,1,0,0,0,0,0,NA
SH2B3,,1,0,0,0,0,0,NA
SH2D1A,,1,0,0,0,0,0,NA
SH3BP2,,1,0,0,0,0,0,NA
SH3BP5,,1,0,0,0,0,0,NA
SH3GL2,,1,0,0,0,0,0,NA
SH3GLB1,,1,0,0,0,0,0,-0.011025840728818797
SH3KBP1,,1,0,0,0,0,0,0.29968882864886776
SH3PXD2A,,1,0,0,0,0,0,NA
SH3PXD2B,,1,0,0,0,0,0,NA
SH3RF1,,1,0,0,0,0,0,NA
SHANK1,,1,0,0,0,0,0,NA
SHC1,,1,0,0,0,0,0,NA
SHC2,,1,0,0,0,0,0,NA
SHC3,,1,0,0,0,0,0,NA
SHC4,,1,0,0,0,0,0,NA
SHH,,1,0,0,0,0,0,NA
SHMT2,M,1,0,0,0,1,0,-2.0849735069344084
SIAH1,,1,0,0,0,0,0,NA
SIAH2,,1,0,0,0,0,0,NA
SIGIRR,,1,0,0,0,0,0,NA
SIK1,,1,0,0,0,0,0,NA
SIK2,,1,0,0,0,0,0,NA
SIK3,,1,0,0,0,0,0,NA
SIN3A,,1,0,0,0,0,0,NA
SIPA1,,1,0,0,0,0,0,NA
SIRPA,,1,0,0,0,0,0,NA
SIRT1,,1,0,0,0,0,0,NA
SIRT2,,1,0,0,0,0,0,NA
SIRT3,,1,0,0,0,0,0,NA
SIVA1,,1,0,0,0,0,0,NA
SIX1,,1,0,0,0,0,0,NA
SKAP1,,1,0,0,0,0,0,NA
SKI,,1,0,0,0,0,0,NA
SKIL,,1,0,0,0,0,0,NA
SKP1,,1,0,0,0,0,0,NA
SKP2,,1,0,0,0,0,0,NA
SLA,,1,0,0,0,0,0,NA
SLBP,,1,0,0,0,0,0,NA
SLC10A2,,1,0,0,0,0,0,NA
SLC22A2,,1,0,0,0,0,0,NA
SLC25A3,M,1,0,0,0,1,0,-2.134148441054512
SLC25A31,,1,0,0,0,0,0,-1.8232493201479973
SLC25A4,,1,0,0,0,0,0,0.1899095506112928
SLC25A5,,1,0,0,0,0,0,-1.094943241990474
SLC25A6,,1,0,0,0,0,0,-1.8232493201479973
SLC2A4RG,,1,0,0,0,0,0,NA
SLC3A2,M,1,0,0,0,1,0,-2.0889404201255353
SLC4A1,,1,0,0,0,0,0,1.7386592160436452
SLC52A2,,1,0,0,0,0,0,NA
SLC9A1,,1,0,0,0,0,0,NA
SLC9A3R1,,1,0,0,0,0,0,NA
SLCO1B1,,1,0,0,0,0,0,NA
SLIT2,,1,0,0,0,0,0,NA
SLK,M,1,0,0,0,1,0,2.3757670218170324
SLN,,1,0,0,0,0,0,NA
SLPI,,1,0,0,0,0,0,NA
SMAD1,,1,0,0,0,0,0,NA
SMAD2,,1,0,0,0,0,0,NA
SMAD3,,0,0,1,-1,0,-1,NA
SMAD3_SMAD4,,1,0,0,0,0,0,NA
SMAD4,,1,0,0,0,0,0,NA
SMAD5,,1,0,0,0,0,0,NA
SMAD6,,1,0,0,0,0,0,NA
SMAD7,,1,0,0,0,0,0,NA
SMAD9,,1,0,0,0,0,0,NA
SMARCA4,,1,0,0,0,0,0,0.6654903289817282
SMARCAD1,,1,0,0,0,0,0,NA
SMARCB1,,1,0,0,0,0,0,NA
SMARCC1,,1,0,0,0,0,0,NA
SMARCC2,,1,0,0,0,0,0,0.9147257112853079
SMARCD3,,1,0,0,0,0,0,NA
SMARCE1,,1,0,0,0,0,0,NA
SMC3,,1,0,0,0,0,0,0.4419112781438467
SMO,,1,0,0,0,0,0,NA
SMPD1,,1,0,0,0,0,0,NA
SMPD2,,1,0,0,0,0,0,NA
SMURF1,,1,0,0,0,0,0,NA
SMURF2,,1,0,0,0,0,0,NA
SMYD2,,1,0,0,0,0,0,NA
SNAI1,,1,0,0,0,0,0,NA
SNAI2,,1,0,0,0,0,0,NA
SNAI3,,1,0,0,0,0,0,NA
SNAP25,,1,0,0,0,0,0,NA
SNAPIN,,1,0,0,0,0,0,NA
SNCA,,1,0,0,0,0,0,NA
SNCB,,1,0,0,0,0,0,NA
SNCG,,1,0,0,0,0,0,NA
SND1,,1,0,0,0,0,0,-1.7046080344407488
SNIP1,,1,0,0,0,0,0,NA
SNRK,,1,0,0,0,0,0,NA
SNRPE,,1,0,0,0,0,0,NA
SNTA1,,1,0,0,0,0,0,NA
SNW1,,1,0,0,0,0,0,NA
SNX27,M,0,0,1,-1,1,-1,-2.0875615934775213
SNX9,,1,0,0,0,0,0,-0.7408815367177282
SOAT1,,1,0,0,0,0,0,NA
SOCS1,,1,0,0,0,0,0,NA
SOCS2,,1,0,0,0,0,0,NA
SOCS3,,1,0,0,0,0,0,NA
SOCS4,,1,0,0,0,0,0,NA
SOCS5,,1,0,0,0,0,0,NA
SOCS6,,1,0,0,0,0,0,NA
SOCS7,,1,0,0,0,0,0,NA
SOD1,,1,0,0,0,0,0,NA
SOD2,,1,0,0,0,0,0,-0.12299427313479387
SORBS1,,1,0,0,0,0,0,1.390764549419511
SORBS3,,1,0,0,0,0,0,1.1212070371190435
SORT1,,1,0,0,0,0,0,NA
SOS1,,1,0,0,0,0,0,NA
SOS2,,1,0,0,0,0,0,NA
SOST,,1,0,0,0,0,0,NA
SOSTDC1,,1,0,0,0,0,0,NA
SOX10,,1,0,0,0,0,0,NA
SOX2,,1,0,0,0,0,0,NA
SOX3,,1,0,0,0,0,0,NA
SOX4,,1,0,0,0,0,0,NA
SOX6,,1,0,0,0,0,0,NA
SOX9,,1,0,0,0,0,0,NA
SP1,,1,0,0,0,0,0,NA
SP100,,1,0,0,0,0,0,1.7157618980472844
SP3,,1,0,0,0,0,0,NA
SP7,,1,0,0,0,0,0,NA
SPAG5,,1,0,0,0,0,0,NA
SPARC,,1,0,0,0,0,0,NA
SPART,,1,0,0,0,0,0,NA
SPDEF,,1,0,0,0,0,0,NA
SPDYA,,1,0,0,0,0,0,NA
SPEN,,1,0,0,0,0,0,NA
SPHK1,,1,0,0,0,0,0,NA
SPHK2,,1,0,0,0,0,0,NA
SPI1,,1,0,0,0,0,0,NA
SPIB,,1,0,0,0,0,0,NA
SPN,,1,0,0,0,0,0,NA
SPNS1,,1,0,0,0,0,0,NA
SPP1,,1,0,0,0,0,0,NA
SPRY1,,1,0,0,0,0,0,NA
SPRY2,,1,0,0,0,0,0,NA
SPTAN1,M,0,1,0,1,1,1,2.5524595299080524
SPTBN1,M,0,1,0,1,1,1,2.655768283545634
SPTLC1,,1,0,0,0,0,0,NA
SQSTM1,,1,0,0,0,0,0,NA
SRA1,,1,0,0,0,0,0,NA
SRC,,0,1,0,1,0,1,0.4503921114171926
SRCAP,,1,0,0,0,0,0,NA
SREBF1,,1,0,0,0,0,0,NA
SREBF2,,1,0,0,0,0,0,NA
SRF,,1,0,0,0,0,0,NA
SRGN,,1,0,0,0,0,0,NA
SRM,M,1,0,0,0,1,0,-2.1526255540628862
SRMS,,1,0,0,0,0,0,NA
SRPK1,,1,0,0,0,0,0,NA
SRPK2,,1,0,0,0,0,0,NA
SRSF2,,1,0,0,0,0,0,NA
SRXN1,,1,0,0,0,0,0,NA
SRY,,1,0,0,0,0,0,NA
SSB,,1,0,0,0,0,0,1.0224492393700249
SSH1,,1,0,0,0,0,0,NA
SSRP1,,1,0,0,0,0,0,-0.5123167241322076
SST,,1,0,0,0,0,0,NA
SSTR1,,1,0,0,0,0,0,NA
SSTR2,,1,0,0,0,0,0,NA
SSTR3,,1,0,0,0,0,0,NA
SSTR4,,1,0,0,0,0,0,NA
SSTR5,,1,0,0,0,0,0,NA
ST6GAL1,,1,0,0,0,0,0,NA
STAG2,,1,0,0,0,0,0,-0.28882332652543424
STAM,,1,0,0,0,0,0,NA
STAM2,,1,0,0,0,0,0,NA
STAMBP,,1,0,0,0,0,0,NA
STAP1,,1,0,0,0,0,0,NA
STAT1,,1,0,0,0,0,0,-0.9298975120726276
STAT2,,1,0,0,0,0,0,NA
STAT3,,1,0,0,0,0,0,-1.358213545690104
STAT4,,1,0,0,0,0,0,NA
STAT5A,,1,0,0,0,0,0,NA
STAT5B,,1,0,0,0,0,0,-1.1610074404906625
STAT6,,1,0,0,0,0,0,NA
STC1,,1,0,0,0,0,0,NA
STEAP3,,1,0,0,0,0,0,NA
STIL,,1,0,0,0,0,0,NA
STIM1,,1,0,0,0,0,0,0.06537824179259129
STING1,,1,0,0,0,0,0,NA
STIP1,,1,0,0,0,0,0,-1.6350142673746513
STK11,,1,0,0,0,0,0,NA
STK16,,1,0,0,0,0,0,NA
STK24,,1,0,0,0,0,0,1.0628349968111919
STK25,,1,0,0,0,0,0,NA
STK3,,1,0,0,0,0,0,NA
STK36,,1,0,0,0,0,0,NA
STK38,,1,0,0,0,0,0,NA
STK38L,,1,0,0,0,0,0,NA
STK39,,1,0,0,0,0,0,NA
STK4,,1,0,0,0,0,0,NA
STMN1,,1,0,0,0,0,0,NA
STRADB,,1,0,0,0,0,0,NA
STRAP,M,1,0,0,0,1,0,-2.3076875359590927
STUB1,,1,0,0,0,0,0,NA
STX1A,,1,0,0,0,0,0,NA
STXBP1,,1,0,0,0,0,0,1.0589636662302484
STXBP4,,1,0,0,0,0,0,NA
SUCLA2,,1,0,0,0,0,0,0.432709790898662
SUFU,,1,0,0,0,0,0,NA
SUGT1,,1,0,0,0,0,0,-0.534001386623607
SUMO1,,1,0,0,0,0,0,NA
SUMO2,,1,0,0,0,0,0,NA
SUMO3,,1,0,0,0,0,0,NA
SUN1,,1,0,0,0,0,0,NA
SUN2,,1,0,0,0,0,0,0.3871792450957614
SUV39H1,,1,0,0,0,0,0,NA
SV2A,,1,0,0,0,0,0,NA
SYK,,1,0,0,0,0,0,-0.7284935890139559
SYN1,,1,0,0,0,0,0,NA
SYNGAP1,,1,0,0,0,0,0,NA
SYNJ1,,1,0,0,0,0,0,NA
SYP,,1,0,0,0,0,0,NA
SYT1,,1,0,0,0,0,0,NA
TAB1,,1,0,0,0,0,0,NA
TAB2,,1,0,0,0,0,0,NA
TAB3,,1,0,0,0,0,0,NA
TAC3,,1,0,0,0,0,0,NA
TACR1,,1,0,0,0,0,0,NA
TACR2,,1,0,0,0,0,0,NA
TACR3,,1,0,0,0,0,0,NA
TADA3,,1,0,0,0,0,0,NA
TAF1,,1,0,0,0,0,0,NA
TAF10,,1,0,0,0,0,0,NA
TAF12,,1,0,0,0,0,0,NA
TAGLN,,1,0,0,0,0,0,1.1901336707855468
TAGLN2,,1,0,0,0,0,0,-0.5552209696476591
TAL1,,1,0,0,0,0,0,NA
TALDO1,,1,0,0,0,0,0,-0.8362501291094014
TANK,,1,0,0,0,0,0,NA
TAOK1,,1,0,0,0,0,0,NA
TAOK2,,1,0,0,0,0,0,NA
TAOK3,,1,0,0,0,0,0,NA
TAS2R38,,1,0,0,0,0,0,NA
TAX1BP1,,1,0,0,0,0,0,NA
TBK1,,1,0,0,0,0,0,NA
TBL1XR1,,1,0,0,0,0,0,NA
TBP,,1,0,0,0,0,0,NA
TBX2,,1,0,0,0,0,0,NA
TBX21,,1,0,0,0,0,0,NA
TBX22,,1,0,0,0,0,0,NA
TBX3,,1,0,0,0,0,0,NA
TBXA2R,,1,0,0,0,0,0,NA
TCAP,,1,0,0,0,0,0,NA
TCEA1,,1,0,0,0,0,0,1.6875897812095528
TCF3,,1,0,0,0,0,0,NA
TCF4,,1,0,0,0,0,0,NA
TCF7,,1,0,0,0,0,0,NA
TCF7L1,,1,0,0,0,0,0,NA
TCF7L2,,1,0,0,0,0,0,NA
TCL1A,,1,0,0,0,0,0,NA
TCOF1,,1,0,0,0,0,0,0.25591320839836457
TDG,,1,0,0,0,0,0,NA
TDGF1,,1,0,0,0,0,0,NA
TDP2,,1,0,0,0,0,0,NA
TEAD2,,1,0,0,0,0,0,NA
TEC,,1,0,0,0,0,0,NA
TEK,,1,0,0,0,0,0,NA
TELO2,,1,0,0,0,0,0,NA
TEP1,,1,0,0,0,0,0,NA
TERB1,,1,0,0,0,0,0,NA
TERF1,,1,0,0,0,0,0,NA
TERF2,,1,0,0,0,0,0,NA
TERF2IP,,1,0,0,0,0,0,NA
TERT,,1,0,0,0,0,0,NA
TESK1,,1,0,0,0,0,0,NA
TET2,,1,0,0,0,0,0,NA
TF,,1,0,0,0,0,0,-0.00337681259778129
TFAP2A,,1,0,0,0,0,0,NA
TFAP2C,,1,0,0,0,0,0,NA
TFAP4,,1,0,0,0,0,0,NA
TFCP2,,1,0,0,0,0,0,NA
TFDP1,,1,0,0,0,0,0,NA
TFDP2,,1,0,0,0,0,0,NA
TFDP3,,1,0,0,0,0,0,NA
TFE3,,1,0,0,0,0,0,NA
TFF1,,1,0,0,0,0,0,NA
TFF2,,1,0,0,0,0,0,NA
TFF3,,1,0,0,0,0,0,NA
TFPI,,1,0,0,0,0,0,NA
TFRC,,1,0,0,0,0,0,-1.844734627865574
TG,,1,0,0,0,0,0,NA
TGFA,,1,0,0,0,0,0,NA
TGFB1,,1,0,0,0,0,0,NA
TGFB1I1,,1,0,0,0,0,0,NA
TGFB2,,1,0,0,0,0,0,NA
TGFB3,,1,0,0,0,0,0,NA
TGFBI,,1,0,0,0,0,0,-0.352336539217977
TGFBR1,,1,0,0,0,0,0,NA
TGFBR1_TGFBR2,,1,0,0,0,0,0,NA
TGFBR2,,1,0,0,0,0,0,NA
TGIF1,,1,0,0,0,0,0,NA
TGM1,,1,0,0,0,0,0,NA
TGM2,,1,0,0,0,0,0,0.1141367461823138
TH,,1,0,0,0,0,0,NA
THBD,,1,0,0,0,0,0,NA
THBS1,,1,0,0,0,0,0,NA
THOC1,,1,0,0,0,0,0,NA
THPO,,1,0,0,0,0,0,NA
THRA,,1,0,0,0,0,0,NA
THRB,,1,0,0,0,0,0,NA
THY1,,1,0,0,0,0,0,-0.5458448103106325
TIAL1,,1,0,0,0,0,0,NA
TIAM1,,1,0,0,0,0,0,NA
TIAM2,,1,0,0,0,0,0,NA
TICAM1,,1,0,0,0,0,0,NA
TICAM2,,1,0,0,0,0,0,NA
TIE1,,1,0,0,0,0,0,NA
TIMELESS,,1,0,0,0,0,0,NA
TIMP1,,1,0,0,0,0,0,NA
TIMP2,,1,0,0,0,0,0,NA
TIMP3,,1,0,0,0,0,0,-0.504027252434154
TIPIN,,1,0,0,0,0,0,NA
TIRAP,,1,0,0,0,0,0,NA
TJP1,,1,0,0,0,0,0,1.9709746932096333
TLE1,,1,0,0,0,0,0,NA
TLE4,,1,0,0,0,0,0,NA
TLE5,,1,0,0,0,0,0,NA
TLK1,,1,0,0,0,0,0,NA
TLK2,,1,0,0,0,0,0,NA
TLN1,,1,0,0,0,0,0,0.5270125343288136
TLR1,,1,0,0,0,0,0,NA
TLR2,,1,0,0,0,0,0,NA
TLR3,,1,0,0,0,0,0,NA
TLR4,,1,0,0,0,0,0,NA
TLR5,,1,0,0,0,0,0,NA
TLR7,,1,0,0,0,0,0,NA
TLR9,,1,0,0,0,0,0,NA
TM9SF4,,1,0,0,0,0,0,NA
TMBIM6,,1,0,0,0,0,0,NA
TMPRSS2,,1,0,0,0,0,0,NA
TMSB4X,,1,0,0,0,0,0,NA
TNC,,1,0,0,0,0,0,-0.6321346996268645
TNF,,1,0,0,0,0,0,NA
TNFAIP1,,1,0,0,0,0,0,NA
TNFAIP3,,1,0,0,0,0,0,NA
TNFAIP6,,1,0,0,0,0,0,NA
TNFAIP8,,1,0,0,0,0,0,NA
TNFRSF10A,,1,0,0,0,0,0,NA
TNFRSF10B,,1,0,0,0,0,0,NA
TNFRSF10C,,1,0,0,0,0,0,NA
TNFRSF10D,,1,0,0,0,0,0,NA
TNFRSF11A,,1,0,0,0,0,0,NA
TNFRSF11B,,1,0,0,0,0,0,NA
TNFRSF13C,,1,0,0,0,0,0,NA
TNFRSF14,,1,0,0,0,0,0,NA
TNFRSF1A,,1,0,0,0,0,0,NA
TNFRSF1B,,1,0,0,0,0,0,NA
TNFRSF21,,1,0,0,0,0,0,NA
TNFRSF8,,1,0,0,0,0,0,NA
TNFRSF9,,1,0,0,0,0,0,NA
TNFSF10,,1,0,0,0,0,0,NA
TNFSF11,,1,0,0,0,0,0,NA
TNFSF13B,,1,0,0,0,0,0,NA
TNFSF14,,1,0,0,0,0,0,NA
TNIK,,1,0,0,0,0,0,NA
TNIP1,,1,0,0,0,0,0,NA
TNIP2,,1,0,0,0,0,0,NA
TNK2,,1,0,0,0,0,0,NA
TNNI3K,,1,0,0,0,0,0,NA
TNPO1,,1,0,0,0,0,0,-1.103998807539511
TNS1,,1,0,0,0,0,0,1.487475965834985
TNS2,,1,0,0,0,0,0,NA
TOLLIP,,1,0,0,0,0,0,NA
TOMM70,,1,0,0,0,0,0,-1.9133051214096073
TOP1,,1,0,0,0,0,0,-1.1766918075602617
TOPBP1,,1,0,0,0,0,0,NA
TOPORS,,1,0,0,0,0,0,NA
TOR1A,,1,0,0,0,0,0,NA
TP53,,1,0,0,0,0,0,NA
TP53AIP1,,1,0,0,0,0,0,NA
TP53BP1,,1,0,0,0,0,0,NA
TP53BP2,,1,0,0,0,0,0,NA
TP53INP1,,1,0,0,0,0,0,NA
TP53RK,,1,0,0,0,0,0,NA
TP63,,1,0,0,0,0,0,NA
TP73,,1,0,0,0,0,0,NA
TPH1,,1,0,0,0,0,0,NA
TPM1,,1,0,0,0,0,0,1.5441339023518303
TPO,,1,0,0,0,0,0,NA
TPPP,,1,0,0,0,0,0,NA
TPR,,1,0,0,0,0,0,-1.456662519079852
TPSAB1,,1,0,0,0,0,0,1.3247430660473067
TPT1,,1,0,0,0,0,0,-1.8866646769725268
TRADD,,1,0,0,0,0,0,NA
TRAF1,,1,0,0,0,0,0,NA
TRAF2,,1,0,0,0,0,0,NA
TRAF2_TRAF3,,1,0,0,0,0,0,NA
TRAF3,,1,0,0,0,0,0,NA
TRAF3IP2,,1,0,0,0,0,0,NA
TRAF4,,1,0,0,0,0,0,NA
TRAF5,,1,0,0,0,0,0,NA
TRAF6,,1,0,0,0,0,0,NA
TRAP1,,1,0,0,0,0,0,-1.5624706345326
TRAPPC9,,1,0,0,0,0,0,NA
TREX1,,1,0,0,0,0,0,NA
TRH,,1,0,0,0,0,0,NA
TRHR,,1,0,0,0,0,0,NA
TRIB3,,1,0,0,0,0,0,NA
TRIM21,,1,0,0,0,0,0,-1.8989474766371932
TRIM24,,1,0,0,0,0,0,NA
TRIM25,,1,0,0,0,0,0,-0.39368178800159254
TRIM28,,1,0,0,0,0,0,-0.9684907137891683
TRIM32,,1,0,0,0,0,0,NA
TRIO,,1,0,0,0,0,0,NA
TRIP11,,1,0,0,0,0,0,NA
TRIP12,,1,0,0,0,0,0,NA
TRIP13,,1,0,0,0,0,0,NA
TRIP6,,1,0,0,0,0,0,NA
trpargala_c,,1,0,0,0,0,0,NA
TRPC1,,1,0,0,0,0,0,NA
TRPC3,,1,0,0,0,0,0,NA
TRPC4,,1,0,0,0,0,0,NA
TRPC5,,1,0,0,0,0,0,NA
TRPM4,,1,0,0,0,0,0,NA
TRPS1,,1,0,0,0,0,0,NA
TRPV1,,1,0,0,0,0,0,NA
TRPV4,,1,0,0,0,0,0,NA
TRRAP,,1,0,0,0,0,0,NA
TSC1,,1,0,0,0,0,0,NA
TSC1_TSC2,,1,0,0,0,0,0,NA
TSC2,,1,0,0,0,0,0,NA
TSC22D1,,1,0,0,0,0,0,NA
TSC22D3,,1,0,0,0,0,0,NA
TSHB,,1,0,0,0,0,0,NA
TSHR,,1,0,0,0,0,0,NA
TSHZ3,,1,0,0,0,0,0,NA
TSLP,,1,0,0,0,0,0,NA
TSPYL2,,1,0,0,0,0,0,NA
TTC5,,1,0,0,0,0,0,NA
TTF1,,1,0,0,0,0,0,NA
TTK,,1,0,0,0,0,0,NA
TTR,,1,0,0,0,0,0,1.137943052467375
TUBA1A,,1,0,0,0,0,0,NA
TUBA1B,,1,0,0,0,0,0,-0.9469079199650713
TUBB,,1,0,0,0,0,0,-1.0578518025932988
TUBB3,,1,0,0,0,0,0,-1.2667711893638451
TUBB4A,,1,0,0,0,0,0,NA
TWIST1,,1,0,0,0,0,0,NA
TXK,,1,0,0,0,0,0,NA
TXLNG,,1,0,0,0,0,0,NA
TXN,,1,0,0,0,0,0,-1.8353773119220202
TXNIP,,1,0,0,0,0,0,NA
TXNRD1,,1,0,0,0,0,0,-1.2122835199407163
TYK2,,1,0,0,0,0,0,NA
TYMP,,1,0,0,0,0,0,-1.982417055653182
TYMS,,1,0,0,0,0,0,NA
TYR,,1,0,0,0,0,0,NA
TYRO3,,1,0,0,0,0,0,NA
TYROBP,,1,0,0,0,0,0,NA
TYRP1,,1,0,0,0,0,0,NA
TYSND1,,1,0,0,0,0,0,NA
UBA1,,1,0,0,0,0,0,-0.16992548761938248
UBA3,,1,0,0,0,0,0,NA
UBB,,1,0,0,0,0,0,1.1183604978046973
UBC,,1,0,0,0,0,0,1.1183604978046973
UBE2A,,1,0,0,0,0,0,NA
UBE2C,,1,0,0,0,0,0,NA
UBE2D1,,1,0,0,0,0,0,NA
UBE2E1,,1,0,0,0,0,0,NA
UBE2I,,1,0,0,0,0,0,NA
UBE2L3,,1,0,0,0,0,0,-0.43055027013495234
UBE2N,,1,0,0,0,0,0,-0.241058504690865
UBE2S,,1,0,0,0,0,0,NA
UBE2T,,1,0,0,0,0,0,NA
UBE2V1,,1,0,0,0,0,0,NA
UBE3A,,1,0,0,0,0,0,-1.5346566965700539
UBE3C,,1,0,0,0,0,0,NA
UBE4A,,1,0,0,0,0,0,NA
UBE4B,,1,0,0,0,0,0,NA
UBQLN1,,1,0,0,0,0,0,NA
UBQLN4,,1,0,0,0,0,0,NA
UBR1,,1,0,0,0,0,0,NA
UBR5,,1,0,0,0,0,0,NA
UBXN1,,1,0,0,0,0,0,NA
UBXN2B,,1,0,0,0,0,0,NA
UCHL5,,1,0,0,0,0,0,NA
UCN,,1,0,0,0,0,0,NA
UCP2,,1,0,0,0,0,0,NA
UFL1,,1,0,0,0,0,0,-0.3495838841605081
UHMK1,,1,0,0,0,0,0,NA
UHRF1,,1,0,0,0,0,0,NA
UIMC1,,1,0,0,0,0,0,NA
ULBP1,,1,0,0,0,0,0,NA
ULK1,,1,0,0,0,0,0,NA
ULK2,,1,0,0,0,0,0,NA
ULK3,,1,0,0,0,0,0,NA
UNC13B,,1,0,0,0,0,0,NA
USF1,,1,0,0,0,0,0,NA
USF2,,1,0,0,0,0,0,NA
USO1,M,0,0,1,-1,1,-1,-2.1251028157478626
USP10,,1,0,0,0,0,0,NA
USP13,,1,0,0,0,0,0,-1.187117445965593
USP14,,1,0,0,0,0,0,-1.4739555014346297
USP16,,1,0,0,0,0,0,NA
USP28,,1,0,0,0,0,0,NA
USP37,,1,0,0,0,0,0,NA
USP4,,1,0,0,0,0,0,NA
USP6,,1,0,0,0,0,0,NA
USP6NL,,1,0,0,0,0,0,NA
USP7,,1,0,0,0,0,0,0.4936019700844804
USP8,,1,0,0,0,0,0,NA
UVRAG,,1,0,0,0,0,0,NA
UXT,,1,0,0,0,0,0,NA
VAMP2,,1,0,0,0,0,0,NA
VASP,,1,0,0,0,0,0,-0.62321714443556
VAV1,,1,0,0,0,0,0,NA
VAV2,,1,0,0,0,0,0,NA
VAV3,,1,0,0,0,0,0,NA
VCAM1,,1,0,0,0,0,0,NA
VCL,,1,0,0,0,0,0,1.4894891656557296
VCP,,1,0,0,0,0,0,-0.4962395030803388
VCPIP1,,1,0,0,0,0,0,NA
VDAC1,,1,0,0,0,0,0,0.4855004997195248
VDAC2,,1,0,0,0,0,0,1.0095077751433428
VDAC3,,1,0,0,0,0,0,NA
VDR,,1,0,0,0,0,0,NA
VEGFA,,1,0,0,0,0,0,NA
VEGFB,,1,0,0,0,0,0,NA
VEGFC,,1,0,0,0,0,0,NA
VEGFD,,1,0,0,0,0,0,NA
VHL,,1,0,0,0,0,0,NA
VIL1,,1,0,0,0,0,0,NA
VIP,,1,0,0,0,0,0,NA
VIPR2,,1,0,0,0,0,0,NA
VLDLR,,1,0,0,0,0,0,NA
VPS39,,1,0,0,0,0,0,NA
VPS4B,,1,0,0,0,0,0,0.7898031959151042
VTN,,1,0,0,0,0,0,NA
VWA1,,1,0,0,0,0,0,-1.1793477295135697
VWF,,1,0,0,0,0,0,NA
WAC,,1,0,0,0,0,0,NA
WAS,,1,0,0,0,0,0,NA
WASF1,,1,0,0,0,0,0,NA
WASF2,,1,0,0,0,0,0,1.580578065452317
WASF3,,1,0,0,0,0,0,NA
WASL,,1,0,0,0,0,0,NA
WASL_WIPF1,,1,0,0,0,0,0,NA
WASL_WIPF2,,1,0,0,0,0,0,NA
WASL_WIPF3,,1,0,0,0,0,0,NA
WEE1,,1,0,0,0,0,0,NA
WIF1,,1,0,0,0,0,0,NA
WIPF1,,1,0,0,0,0,0,NA
WNK1,,1,0,0,0,0,0,-0.570969516830295
WNK4,,1,0,0,0,0,0,-0.570969516830295
WNT1,,1,0,0,0,0,0,NA
WNT10A,,1,0,0,0,0,0,NA
WNT10B,,1,0,0,0,0,0,NA
WNT11,,1,0,0,0,0,0,NA
WNT16,,1,0,0,0,0,0,NA
WNT2,,1,0,0,0,0,0,NA
WNT2B,,1,0,0,0,0,0,NA
WNT3,,1,0,0,0,0,0,NA
WNT3A,,1,0,0,0,0,0,NA
WNT4,,1,0,0,0,0,0,NA
WNT5A,,1,0,0,0,0,0,NA
WNT5B,,1,0,0,0,0,0,NA
WNT6,,1,0,0,0,0,0,NA
WNT7A,,1,0,0,0,0,0,NA
WNT7B,,1,0,0,0,0,0,NA
WNT8A,,1,0,0,0,0,0,NA
WNT8B,,1,0,0,0,0,0,NA
WNT9A,,1,0,0,0,0,0,NA
WNT9B,,1,0,0,0,0,0,NA
WRN,,1,0,0,0,0,0,NA
WT1,,1,0,0,0,0,0,NA
WWOX,,1,0,0,0,0,0,NA
WWP1,,1,0,0,0,0,0,NA
WWTR1,,1,0,0,0,0,0,NA
X_APH1A_NCSTN_PSEN1_PSENEN,,1,0,0,0,0,0,NA
X_GRIN1_GRIN2A,,1,0,0,0,0,0,NA
X_GRIN1_GRIN2B,,1,0,0,0,0,0,NA
X_GRIN1_GRIN2C,,1,0,0,0,0,0,NA
X_GRIN1_GRIN2D,,1,0,0,0,0,0,NA
XAB2,,1,0,0,0,0,0,NA
XCR1,,1,0,0,0,0,0,NA
XIAP,,1,0,0,0,0,0,NA
XPA,,1,0,0,0,0,0,NA
XPC,,1,0,0,0,0,0,NA
XPO1,M,1,0,0,0,1,0,-2.0738638581234086
XPO5,,1,0,0,0,0,0,NA
XRCC5,,1,0,0,0,0,0,-0.9511376390453423
XRCC6,,1,0,0,0,0,0,-0.847473778462362
YAP1,,1,0,0,0,0,0,NA
YBX1,,1,0,0,0,0,0,-0.11670556190143125
YEATS4,,1,0,0,0,0,0,NA
YES1,,1,0,0,0,0,0,NA
YWHAB,,1,0,0,0,0,0,NA
YWHAE,,1,0,0,0,0,0,1.5006882558436037
YWHAG,,1,0,0,0,0,0,-1.5165672930156713
YWHAH,,1,0,0,0,0,0,0.14814397685181868
YWHAQ,,1,0,0,0,0,0,NA
YWHAZ,,1,0,0,0,0,0,-0.5779251560425505
YY1,,0,1,0,1,0,1,NA
ZAP70,,1,0,0,0,0,0,NA
ZBTB16,,1,0,0,0,0,0,NA
ZBTB17,,1,0,0,0,0,0,NA
ZBTB32,,1,0,0,0,0,0,NA
ZBTB33,,1,0,0,0,0,0,NA
ZBTB4,,1,0,0,0,0,0,NA
ZBTB7A,,1,0,0,0,0,0,NA
ZC3H12A,,1,0,0,0,0,0,NA
ZC3HAV1,,1,0,0,0,0,0,-1.1150147204021839
ZCCHC12,,1,0,0,0,0,0,NA
ZDHHC5,,1,0,0,0,0,0,NA
ZEB1,,1,0,0,0,0,0,NA
ZEB2,,1,0,0,0,0,0,NA
ZFAND5,,1,0,0,0,0,0,NA
ZFHX3,,1,0,0,0,0,0,NA
ZFP36,,1,0,0,0,0,0,NA
ZFPM1,,1,0,0,0,0,0,NA
ZFYVE9,,1,0,0,0,0,0,NA
ZHX1,,1,0,0,0,0,0,NA
ZHX2,,1,0,0,0,0,0,NA
ZIC3,,1,0,0,0,0,0,NA
ZMIZ1,,1,0,0,0,0,0,NA
ZMYND11,,1,0,0,0,0,0,NA
ZNF148,,1,0,0,0,0,0,NA
ZNF217,,1,0,0,0,0,0,NA
ZNF274,,1,0,0,0,0,0,NA
ZNF318,,1,0,0,0,0,0,NA
ZNF322,,1,0,0,0,0,0,NA
ZNF350,,1,0,0,0,0,0,NA
ZNF385A,,1,0,0,0,0,0,NA
ZNF420,,1,0,0,0,0,0,NA
ZNF462,,1,0,0,0,0,0,NA
ZNF692,,1,0,0,0,0,0,NA
ZNHIT1,,1,0,0,0,0,0,NA
ZRANB2,,1,0,0,0,0,0,NA
ZYX,,1,0,0,0,0,0,NA
ZZEF1,,1,0,0,0,0,0,NA
